Date,REBAR,IRON_ORE,CRUDE_BRENT,COAL_AUS,NGAS_US,NGAS_EUR,NGAS_JP,STEEL_INDEX,STEEL_HOT,STEEL_COLD,STEEL_WIRE
1979-01-01,295.0,23.5,18.9500007629395,30.15,1.02,3.25948857484718,3.69242291557222,52.7466528564711,290.0,345.0,300.0
1979-02-01,325.0,23.5,22.0,30.15,1.05,3.25948857484718,3.69242291557222,54.9059691961672,290.0,345.0,300.0
1979-03-01,330.0,23.5,23.25,30.15,1.1,3.25948857484718,3.69242291557222,55.3025614448934,295.0,362.0,300.0
1979-04-01,335.0,23.5,23.6499996185303,30.15,1.11,3.25948857484718,3.69242291557222,55.7300359038436,295.0,363.0,300.0
1979-05-01,335.0,23.5,32.75,30.15,1.15,3.25948857484718,3.69242291557222,56.1594935557499,300.0,367.0,300.0
1979-06-01,335.0,23.5,36.5,30.15,1.17,3.25948857484718,3.69242291557222,56.6377716780325,300.0,367.0,310.0
1979-07-01,335.0,23.5,35.0,30.15,1.2,3.25948857484718,3.69242291557222,56.928150958608,300.0,367.0,330.0
1979-08-01,335.0,23.5,35.75,31.26,1.24,3.25948857484718,3.69242291557222,56.928150958608,300.0,367.0,330.0
1979-09-01,335.0,23.5,36.5,31.26,1.24,3.25948857484718,3.69242291557222,56.928150958608,300.0,367.0,330.0
1979-10-01,335.0,23.5,38.5,32.37,1.28,3.25948857484718,3.69242291557222,57.1108673222444,300.0,377.0,330.0
1979-11-01,335.0,23.5,42.0,32.37,1.29,3.25948857484718,3.69242291557222,57.1108673222444,300.0,377.0,330.0
1979-12-01,335.0,23.5,40.5,32.37,1.31,3.25948857484718,3.69242291557222,57.5837505327707,313.0,377.0,330.0
1980-01-01,335.0,28.09,40.0,32.37,1.37,4.22,5.69622732831838,57.5837505327707,313.0,377.0,330.0
1980-02-01,335.0,28.09,38.5,32.37,1.42,4.22,5.69622732831838,57.9475068485602,323.0,377.0,330.0
1980-03-01,335.0,28.09,38.25,32.37,1.46,4.22,5.69622732831838,58.5871550544467,323.0,387.0,355.0
1980-04-01,335.0,28.09,38.1500015258789,39.54,1.51,4.22,5.69622732831838,58.6945353304818,323.0,387.0,355.0
1980-05-01,335.0,28.09,38.5,40.14,1.56,4.22,5.69622732831838,58.8772516941182,323.0,397.0,355.0
1980-06-01,335.0,28.09,38.0,40.74,1.57,4.22,5.69622732831838,59.2179642784467,325.0,397.0,355.0
1980-07-01,380.0,28.09,37.4000015258789,40.74,1.64,4.22,5.69622732831838,60.6238332193226,325.0,397.0,355.0
1980-08-01,380.0,28.09,33.5999984741211,44.24,1.64,4.22,5.69622732831838,60.6238332193226,325.0,397.0,355.0
1980-09-01,300.0,28.09,33.4000015258789,44.61,1.69,4.22,5.69622732831838,57.5487420950107,325.0,320.0,365.0
1980-10-01,300.0,28.09,37.9000015258789,44.61,1.71,4.22,5.69622732831838,59.20320194992,325.0,397.0,350.0
1980-11-01,300.0,28.09,40.8499984741211,44.98,1.76,4.22,5.69622732831838,59.4058723678962,325.0,400.0,350.0
1980-12-01,300.0,28.09,40.1500015258789,44.98,1.74,4.22,5.69622732831838,59.545579860562,325.0,400.0,355.0
1981-01-01,300.0,28.09,40.2999992370605,44.98,1.77,4.6,6.03034143533679,59.545579860562,325.0,400.0,355.0
1981-02-01,300.0,28.09,38.7000007629395,44.98,1.81,4.6,6.03034143533679,59.545579860562,325.0,400.0,355.0
1981-03-01,300.0,28.09,38.3499984741211,44.98,1.86,4.6,6.03034143533679,63.300361015623,331.0,416.0,415.0
1981-04-01,340.0,28.09,37.189998626709,56.5,1.93,4.6,6.03034143533679,64.0907113190877,331.0,416.0,415.0
1981-05-01,340.0,28.09,35.189998626709,56.5,1.95,4.6,6.03034143533679,64.0907113190877,331.0,416.0,415.0
1981-06-01,340.0,28.09,33.25,56.5,1.95,4.6,6.03034143533679,63.0169390818324,343.0,416.0,415.0
1981-07-01,320.0,28.09,35.060001373291,56.5,2.01,4.6,6.03034143533679,60.8555343181071,340.0,400.0,400.0
1981-08-01,320.0,28.09,35.7999992370605,56.5,2.02,4.6,6.03034143533679,60.8555343181071,340.0,400.0,400.0
1981-09-01,300.0,28.09,35.9099998474121,56.5,2.08,4.6,6.03034143533679,58.2256430968624,335.0,387.0,370.0
1981-10-01,300.0,28.09,36.5400009155273,56.5,2.11,4.6,6.03034143533679,58.097741642317,335.0,380.0,370.0
1981-11-01,300.0,28.09,37.1199989318848,56.5,2.15,4.6,6.03034143533679,56.5026085776914,305.0,380.0,370.0
1981-12-01,300.0,28.09,36.7000007629395,56.5,2.16,4.6,6.03034143533679,56.5939667595096,305.0,385.0,370.0
1982-01-01,290.0,32.5,35.8499984741211,55.61,2.23,4.45,6.05162239888528,56.3693073912551,300.0,380.0,370.0
1982-02-01,290.0,32.5,31.6200008392334,55.61,2.3,4.45,6.05162239888528,57.5773354966504,300.0,380.0,370.0
1982-03-01,250.0,32.5,29.2999992370605,55.61,2.35,4.45,6.05162239888528,54.1131339997209,300.0,385.0,370.0
1982-04-01,250.0,32.5,33.1199989318848,55.61,2.4,4.45,6.05162239888528,54.1131339997209,300.0,385.0,370.0
1982-05-01,250.0,32.5,35.1800003051758,55.61,2.45,4.45,6.05162239888528,54.1131339997209,300.0,385.0,370.0
1982-06-01,250.0,32.5,34.5999984741211,55.61,2.45,4.45,6.05162239888528,54.1131339997209,300.0,385.0,370.0
1982-07-01,230.0,32.5,33.7000007629395,55.61,2.47,4.45,6.05162239888528,50.7893450053858,280.0,365.0,350.0
1982-08-01,230.0,32.5,32.8499984741211,55.61,2.53,4.45,6.05162239888528,48.9459103505072,270.0,355.0,350.0
1982-09-01,230.0,32.5,34.25,55.61,2.56,4.45,6.05162239888528,48.5821540347177,260.0,355.0,350.0
1982-10-01,230.0,32.5,35.0,55.61,2.6,4.45,6.05162239888528,48.5821540347177,260.0,355.0,350.0
1982-11-01,210.0,32.5,33.7999992370605,55.61,2.62,4.45,6.05162239888528,46.3681375294486,260.0,345.0,320.0
1982-12-01,200.0,32.5,31.75,45.5,2.62,4.45,6.05162239888528,44.4515629251629,250.0,340.0,300.0
1983-01-01,210.0,29.0,30.8500003814697,43.0,2.66,4.05,5.54581574773014,46.099827258489,260.0,350.0,310.0
1983-02-01,210.0,29.0,29.1000003814697,43.0,2.66,4.05,5.54581574773014,46.099827258489,260.0,350.0,310.0
1983-03-01,210.0,29.0,28.2000007629395,43.0,2.58,4.05,5.54581574773014,46.099827258489,260.0,350.0,310.0
1983-04-01,210.0,29.0,29.75,43.0,2.53,4.05,5.54581574773014,46.099827258489,260.0,350.0,310.0
1983-05-01,220.0,29.0,29.6000003814697,43.0,2.53,4.05,5.54581574773014,47.4156834667201,270.0,360.0,310.0
1983-06-01,230.0,29.0,30.2000007629395,43.0,2.59,4.05,5.54581574773014,48.8480469931421,270.0,370.0,320.0
1983-07-01,230.0,29.0,30.7999992370605,34.75,2.52,4.05,5.54581574773014,48.8480469931421,270.0,370.0,320.0
1983-08-01,230.0,29.0,31.1000003814697,34.75,2.58,4.05,5.54581574773014,49.1164976832299,270.0,370.0,320.0
1983-09-01,230.0,29.0,30.3500003814697,34.75,2.67,4.05,5.54581574773014,49.7655318193215,280.0,360.0,310.0
1983-10-01,230.0,29.0,29.8500003814697,34.75,2.58,4.05,5.54581574773014,49.7655318193215,280.0,360.0,310.0
1983-11-01,230.0,29.0,29.2000007629395,32.0,2.6,4.05,5.54581574773014,49.7655318193215,280.0,360.0,310.0
1983-12-01,230.0,29.0,28.9500007629395,29.25,2.61,4.05,5.54581574773014,50.1135341192187,280.0,375.0,310.0
1984-01-01,225.0,26.15,29.5599994659424,29.25,2.67,3.76,5.23768078192714,50.1840007730216,285.0,375.0,310.0
1984-02-01,225.0,26.15,29.8799991607666,29.25,2.71,3.76,5.23768078192714,50.1840007730216,285.0,375.0,310.0
1984-03-01,235.0,26.15,30.0799999237061,29.25,2.67,3.76,5.23768078192714,51.1456829242988,285.0,370.0,305.0
1984-04-01,235.0,26.15,30.1299991607666,29.25,2.64,3.76,5.23768078192714,51.1456829242988,285.0,370.0,305.0
1984-05-01,235.0,26.15,29.8999996185303,29.25,2.67,3.76,5.23768078192714,51.3283992879352,285.0,380.0,305.0
1984-06-01,235.0,26.15,29.2000007629395,31.75,2.7,3.76,5.23768078192714,51.5665455932276,285.0,380.0,310.0
1984-07-01,240.0,26.15,27.9099998474121,31.75,2.68,3.76,5.23768078192714,51.7097726063413,285.0,380.0,310.0
1984-08-01,235.0,26.15,28.1100006103516,31.75,2.69,3.76,5.23768078192714,51.1623734153153,285.0,380.0,310.0
1984-09-01,235.0,26.15,28.3600006103516,31.75,2.62,3.76,5.23768078192714,51.0281480702714,285.0,380.0,310.0
1984-10-01,235.0,26.15,27.8099994659424,31.75,2.63,3.76,5.23768078192714,50.8466450950684,286.0,380.0,310.0
1984-11-01,230.0,26.15,27.7000007629395,32.75,2.61,3.76,5.23768078192714,50.0097428358168,280.0,375.0,310.0
1984-12-01,235.0,26.15,26.9799995422363,33.75,2.57,3.76,5.23768078192714,49.0080154870141,275.0,375.0,310.0
1985-01-01,235.0,26.56,26.95,33.75,2.64,3.65,5.23,47.4652012277095,265.0,365.0,305.0
1985-02-01,235.0,26.56,28.2,33.75,2.71,3.65,5.23,45.6183138575046,250.0,250.0,300.0
1985-03-01,230.0,26.56,28.1,33.75,2.62,3.65,5.23,44.786033674622,245.0,345.0,300.0
1985-04-01,230.0,26.56,27.9,33.75,2.64,3.65,5.23,44.786033674622,245.0,345.0,300.0
1985-05-01,225.0,26.56,26.65,33.75,2.53,3.65,5.23,44.197947891074,250.0,330.0,280.0
1985-06-01,220.0,26.56,26.45,33.75,2.58,3.65,5.23,43.3542579646282,240.0,320.0,270.0
1985-07-01,225.0,26.56,26.6,33.75,2.51,3.65,5.23,43.6254877565692,250.0,330.0,260.0
1985-08-01,220.0,26.56,27.15,33.75,2.47,3.65,5.23,43.7141394559784,250.0,320.0,260.0
1985-09-01,220.0,26.56,27.15,33.75,2.42,3.65,5.23,42.5711935424986,235.0,310.0,260.0
1985-10-01,220.0,26.56,27.9,33.75,2.37,3.65,5.23,41.7378909093185,240.0,300.0,245.0
1985-11-01,220.0,26.56,29.05,33.75,2.36,3.65,5.23,41.7378909093185,240.0,300.0,245.0
1985-12-01,225.0,26.56,25.85,33.75,2.28,3.65,5.23,42.5615776276622,240.0,300.0,245.0
1986-01-01,230.0,26.26,25.75,33.75,2.28,3.65,4.1,42.2350979324423,235.0,305.0,245.0
1986-02-01,225.0,26.26,17.55,33.75,2.26,3.65,4.1,42.6617948229069,245.0,305.0,245.0
1986-03-01,225.0,26.26,13.85,30.75,2.16,3.65,4.1,43.8320303027956,260.0,320.0,240.0
1986-04-01,225.0,26.26,12.5,30.75,2.1,3.65,4.1,43.8320303027956,260.0,320.0,240.0
1986-05-01,220.0,26.26,14.2,30.75,1.96,3.65,4.1,44.1750222991043,265.0,325.0,240.0
1986-06-01,225.0,26.26,11.85,30.75,1.85,3.65,4.1,44.8016242631152,270.0,330.0,240.0
1986-07-01,225.0,26.26,9.45,30.75,1.8,3.65,4.1,45.6478207125653,280.0,330.0,240.0
1986-08-01,225.0,26.26,13.65,30.75,1.77,3.65,4.1,45.5330552271926,275.0,330.0,240.0
1986-09-01,215.0,26.26,14.2,30.75,1.78,3.65,4.1,45.5564826199228,280.0,335.0,240.0
1986-10-01,215.0,26.26,13.8,30.75,1.73,3.65,4.1,45.5564826199228,280.0,335.0,240.0
1986-11-01,205.0,26.26,14.55,30.75,1.77,3.65,4.1,45.4674176384556,290.0,335.0,230.0
1986-12-01,200.0,26.26,15.9,29.25,1.76,3.65,4.1,46.219840140269,295.0,335.0,235.0
1987-01-01,200.0,25.3,18.4,29.25,1.74,2.59,3.35,46.4206887889176,295.0,335.0,235.0
1987-02-01,190.0,25.3,17.3,29.25,1.73,2.59,3.35,46.2832524460129,295.0,340.0,230.0
1987-03-01,190.0,25.3,17.9,29.25,1.73,2.59,3.35,46.5156510547957,295.0,345.0,230.0
1987-04-01,190.0,25.3,18.1,24.75,1.69,2.59,3.35,47.3722412214108,300.0,350.0,230.0
1987-05-01,190.0,25.3,18.75,24.75,1.65,2.59,3.35,48.2803283850087,305.0,355.0,230.0
1987-06-01,190.0,25.3,18.85,24.75,1.65,2.59,3.35,50.344534976093,320.0,390.0,230.0
1987-07-01,195.0,25.3,19.8,27.0,1.66,2.59,3.35,51.6528856590348,330.0,400.0,230.0
1987-08-01,190.0,25.3,18.95,27.0,1.63,2.59,3.35,52.7689793094173,340.0,410.0,230.0
1987-09-01,220.0,25.3,18.35,27.0,1.56,2.59,3.35,55.099254044614,350.0,420.0,270.0
1987-10-01,220.0,25.3,18.8,27.0,1.57,2.59,3.35,55.780366327243,350.0,420.0,280.0
1987-11-01,230.0,25.3,17.8,29.0,1.64,2.59,3.35,59.702733811912,350.0,430.0,280.0
1987-12-01,230.0,25.3,17.1,31.0,1.7,2.59,3.35,60.6483257612333,350.0,430.0,280.0
1988-01-01,230.0,24.3,16.85,31.0,1.96,2.36,3.34,61.9533789212882,350.0,450.0,295.0
1988-02-01,230.0,24.3,15.75,31.0,1.84,2.36,3.34,63.4481094186328,360.0,460.0,295.0
1988-03-01,230.0,24.3,14.75,33.0,1.7,2.36,3.34,64.6843317658243,370.0,470.0,300.0
1988-04-01,240.0,24.3,16.6,33.0,1.59,2.36,3.34,66.1427117457456,380.0,480.0,320.0
1988-05-01,250.0,24.3,16.4,33.0,1.52,2.36,3.34,67.4202029119219,390.0,485.0,320.0
1988-06-01,250.0,24.3,15.55,36.0,1.53,2.36,3.34,68.3219823420829,400.0,510.0,320.0
1988-07-01,260.0,24.3,14.9,36.0,1.56,2.36,3.34,68.6260375555472,400.0,510.0,320.0
1988-08-01,270.0,24.3,14.95,36.0,1.62,2.36,3.34,69.794038254893,410.0,520.0,320.0
1988-09-01,290.0,24.3,13.3,37.0,1.53,2.36,3.34,71.2660941677031,420.0,530.0,320.0
1988-10-01,300.0,24.3,12.45,37.0,1.68,2.36,3.34,71.2214452236335,420.0,530.0,320.0
1988-11-01,300.0,24.3,13.0,37.5,1.76,2.36,3.34,71.2214452236335,420.0,530.0,320.0
1988-12-01,300.0,24.3,15.15,38.0,1.89,2.36,3.34,71.477757195838,430.0,540.0,315.0
1989-01-01,300.0,27.83,17.0,38.0,1.78,2.09,3.28,71.8627372547066,430.0,540.0,315.0
1989-02-01,320.0,27.83,16.65,38.0,1.71,2.09,3.28,73.3466663365123,430.0,545.0,320.0
1989-03-01,330.0,27.83,18.7,38.0,1.49,2.09,3.28,74.7706800772751,440.0,550.0,325.0
1989-04-01,330.0,27.83,19.75,38.0,1.53,2.09,3.28,75.4537928530477,440.0,550.0,340.0
1989-05-01,340.0,27.83,18.35,38.0,1.66,2.09,3.28,75.6475192809753,440.0,560.0,330.0
1989-06-01,340.0,27.83,17.5,38.0,1.7,2.09,3.28,76.9678318413299,450.0,560.0,350.0
1989-07-01,340.0,27.83,17.75,38.0,1.64,2.09,3.28,77.3476711509859,450.0,560.0,360.0
1989-08-01,350.0,27.83,17.1,38.0,1.58,2.09,3.28,77.890247324504,448.0,550.0,370.0
1989-09-01,360.0,27.83,17.8,38.0,1.53,2.09,3.28,78.2032959438191,445.0,550.0,370.0
1989-10-01,360.0,27.83,19.0,38.0,1.6,2.09,3.28,78.2032959438191,445.0,550.0,370.0
1989-11-01,370.0,27.83,19.15,38.0,1.9,2.09,3.28,77.7718850210915,445.0,550.0,380.0
1989-12-01,360.0,27.83,19.85,38.0,2.24,2.09,3.28,76.4506884859479,440.0,540.0,380.0
1990-01-01,360.0,32.5,20.95,38.0,2.39,2.82,3.64,75.0429651876586,440.0,530.0,360.0
1990-02-01,370.0,32.5,19.9,38.0,1.9,2.82,3.64,74.3815756541264,430.0,520.0,370.0
1990-03-01,370.0,32.5,18.45,38.0,1.55,2.82,3.64,73.1420476589933,420.0,510.0,350.0
1990-04-01,350.0,32.5,16.75,38.0,1.49,2.82,3.64,70.4789547696425,400.0,500.0,330.0
1990-05-01,340.0,32.5,16.7,40.5,1.47,2.82,3.64,70.2288714337759,400.0,500.0,330.0
1990-06-01,350.0,32.5,15.7,40.5,1.47,2.82,3.64,72.1092521360473,405.0,510.0,345.0
1990-07-01,350.0,32.5,17.55,40.5,1.41,2.82,3.64,72.5793076812052,405.0,515.0,350.0
1990-08-01,370.0,32.5,27.05,40.5,1.36,2.82,3.64,73.3229029778739,405.0,510.0,370.0
1990-09-01,370.0,32.5,34.1,40.5,1.44,2.82,3.64,73.754959121716,410.0,515.0,380.0
1990-10-01,380.0,32.5,36.05,40.5,1.69,2.82,3.64,74.0992156298085,410.0,510.0,390.0
1990-11-01,380.0,32.5,33.0,40.5,2.1,2.82,3.64,73.490905296403,405.0,505.0,390.0
1990-12-01,380.0,32.5,28.0,40.5,2.11,2.82,3.64,73.7164888232651,405.0,510.0,390.0
1991-01-01,385.0,34.76,23.65,40.5,1.67,3.44,3.99,74.5746511903172,415.0,510.0,390.0
1991-02-01,385.0,34.76,19.4,40.5,1.36,3.41,3.99,74.7225066992025,415.0,510.0,390.0
1991-03-01,385.0,34.76,19.45,39.5,1.34,3.33,3.99,74.5163830320115,410.0,505.0,390.0
1991-04-01,380.0,34.76,19.25,39.5,1.33,3.47,3.99,74.1703218585514,410.0,505.0,390.0
1991-05-01,370.0,34.76,19.3,39.5,1.31,3.37,3.99,72.9158890461407,405.0,500.0,380.0
1991-06-01,360.0,34.76,18.2,39.5,1.2,3.29,3.99,72.227737722616,405.0,500.0,380.0
1991-07-01,360.0,34.76,19.45,39.5,1.19,3.0,3.99,71.120967321499,405.0,505.0,380.0
1991-08-01,360.0,34.76,19.75,39.5,1.31,2.98,3.99,70.4547903575094,405.0,505.0,380.0
1991-09-01,360.0,34.76,20.5,39.5,1.63,2.97,3.99,69.6217873938806,410.0,505.0,380.0
1991-10-01,360.0,34.76,22.2,39.5,1.77,2.71,3.99,69.0898357749349,410.0,505.0,380.0
1991-11-01,350.0,34.76,21.25,39.5,1.81,2.7,3.99,68.1284481116973,405.0,500.0,380.0
1991-12-01,350.0,34.76,18.4,39.5,1.92,2.7,3.99,67.4622711477077,405.0,500.0,380.0
1992-01-01,340.0,33.1,18.15,39.5,1.28,2.57,3.595243,66.052235569656,390.0,490.0,380.0
1992-02-01,320.0,33.1,18.1,39.5,1.21,2.5,3.50897,65.5991442326604,390.0,490.0,380.0
1992-03-01,300.0,33.1,17.6,39.5,1.28,2.58,3.592249,63.9289055397992,380.0,480.0,370.0
1992-04-01,300.0,33.1,18.95,39.5,1.47,2.47,3.529824,63.5152652094236,380.0,480.0,360.0
1992-05-01,300.0,33.1,19.9,39.5,1.59,2.49,3.471553,63.1692269204871,380.0,480.0,350.0
1992-06-01,300.0,33.1,21.15,39.5,1.56,2.5,3.488016,63.4204028403016,380.0,480.0,360.0
1992-07-01,300.0,33.1,20.25,39.5,1.75,2.55,3.60554,62.9405534644805,370.0,470.0,360.0
1992-08-01,300.0,33.1,19.75,39.5,1.97,2.56,3.649728,62.3533570953332,360.0,460.0,380.0
1992-09-01,290.0,33.1,20.25,39.5,2.33,2.57,3.633951,61.3831249178793,360.0,460.0,380.0
1992-10-01,290.0,33.1,20.3,37.25,2.42,2.63,3.704153,60.7024268934095,350.0,450.0,380.0
1992-11-01,310.0,33.1,19.2,35.0,2.24,2.64,3.652703,61.8778808918103,350.0,450.0,380.0
1992-12-01,330.0,33.1,18.15,35.0,2.16,2.64,3.709421,62.186723535732,340.0,440.0,390.0
1993-01-01,340.0,29.09,17.4,35.0,1.88,2.76,3.642194,62.1888891987716,350.0,430.0,390.0
1993-02-01,340.0,29.09,18.45,31.0,1.69,2.74,3.611498,62.1888891987716,350.0,430.0,390.0
1993-03-01,340.0,29.09,18.75,31.0,2.18,2.75,3.589991,61.8047930887112,350.0,430.0,390.0
1993-04-01,340.0,29.09,18.65,31.0,2.35,2.68,3.624532,62.3027747495446,360.0,430.0,390.0
1993-05-01,340.0,29.09,18.5,31.0,2.17,2.68,3.566033,66.9957832549726,370.0,470.0,400.0
1993-06-01,360.0,29.09,17.65,31.0,1.97,2.68,3.535079,68.4718101911783,380.0,480.0,400.0
1993-07-01,360.0,29.09,16.8,31.0,2.06,2.66,3.539228,69.8296494748814,390.0,490.0,410.0
1993-08-01,360.0,29.09,16.7,31.0,2.26,2.65,3.493022,70.3616010938271,390.0,490.0,410.0
1993-09-01,360.0,29.09,16.0,31.0,2.27,2.62,3.480854,69.6844598345937,390.0,490.0,400.0
1993-10-01,360.0,29.09,16.6,31.0,2.02,2.62,3.391259,68.9255552723043,390.0,500.0,390.0
1993-11-01,345.0,29.09,15.15,31.0,2.26,2.62,3.355495,68.1296957274559,395.0,500.0,390.0
1993-12-01,340.0,29.09,13.6,31.0,2.34,2.6,3.25,67.4858432355011,395.0,500.0,390.0
1994-01-01,360.0,26.47,14.25,31.0,2.34,2.47,3.12,67.1984673559844,390.0,500.0,390.0
1994-02-01,340.0,26.47,13.8,31.0,2.71,2.36,3.19,66.0230133575837,390.0,500.0,390.0
1994-03-01,315.0,26.47,13.95,29.5,2.21,2.36,3.15,65.7742655203078,395.0,500.0,390.0
1994-04-01,330.0,26.47,15.15,29.5,2.04,2.36,3.07,65.8840005820823,400.0,510.0,380.0
1994-05-01,310.0,26.47,16.2,31.4,1.92,2.36,3.06,64.7466044048055,400.0,510.0,370.0
1994-06-01,300.0,26.47,16.75,33.6,1.9,2.36,3.1,64.5237813966218,400.0,510.0,370.0
1994-07-01,300.0,26.47,17.6,33.1,1.96,2.42,3.14,64.7922320867096,400.0,510.0,370.0
1994-08-01,310.0,26.47,16.8,33.1,1.66,2.46,3.24,66.1610814347041,410.0,520.0,370.0
1994-09-01,320.0,26.47,15.9,33.1,1.49,2.48,3.28,67.2156549426158,420.0,520.0,360.0
1994-10-01,320.0,26.47,16.4,33.1,1.51,2.56,3.26,66.9861239718702,410.0,520.0,360.0
1994-11-01,335.0,26.47,17.2,33.1,1.58,2.57,3.26,67.5338305227726,410.0,520.0,360.0
1994-12-01,330.0,26.47,15.96,36.1,1.72,2.56,3.29,68.1422694793334,410.0,520.0,350.0
1995-01-01,330.0,28.38,16.63,37.1,1.51,2.66,3.36,68.8750697469277,410.0,520.0,350.0
1995-02-01,340.0,28.38,17.08,37.6,1.58,2.66,3.4,70.0721670265297,420.0,520.0,360.0
1995-03-01,370.0,28.38,17.01,38.35,1.54,2.65,3.46,73.533994442011,420.0,540.0,390.0
1995-04-01,410.0,28.38,18.67,37.1,1.62,2.71,3.45,78.5903146105531,440.0,550.0,420.0
1995-05-01,410.0,28.38,18.38,38.77,1.64,2.71,3.53,79.8991317778885,450.0,560.0,430.0
1995-06-01,410.0,28.38,17.35,40.77,1.62,2.73,3.56,81.64197317105,470.0,570.0,430.0
1995-07-01,400.0,28.38,15.86,41.05,1.44,2.8,3.48,81.5188744520225,480.0,580.0,430.0
1995-08-01,390.0,28.38,16.07,40.88,1.56,2.8,3.46,79.8388476698427,470.0,580.0,420.0
1995-09-01,380.0,28.38,16.78,40.93,1.64,2.78,3.46,78.7017690840466,450.0,570.0,450.0
1995-10-01,380.0,28.38,16.12,40.97,1.77,2.75,3.45,78.2082895443841,440.0,560.0,450.0
1995-11-01,380.0,28.38,16.88,39.59,2.04,2.75,3.41,76.7016160139612,430.0,550.0,440.0
1995-12-01,380.0,28.38,17.96,39.35,2.71,2.73,3.37,76.3186213423582,410.0,550.0,480.0
1996-01-01,380.0,30.0,17.94,39.37,2.93,2.75,3.43,75.6329735566585,400.0,540.0,480.0
1996-02-01,370.0,30.0,17.97,39.28,4.4,2.77,3.48,72.9103727879725,390.0,520.0,460.0
1996-03-01,360.0,30.0,19.99,39.01,2.95,2.67,3.47,71.1142529457611,380.0,510.0,450.0
1996-04-01,350.0,30.0,21.01,39.33,2.23,3.1,3.56,68.9694289460157,370.0,500.0,440.0
1996-05-01,350.0,30.0,19.12,38.2,2.24,2.81,3.6,69.117284454901,370.0,500.0,440.0
1996-06-01,360.0,30.0,18.27,38.2,2.49,2.81,3.6,69.7824301155572,380.0,500.0,450.0
1996-07-01,352.0,30.0,19.61,38.4,2.48,2.78,3.61,68.4921322109175,372.0,492.0,442.0
1996-08-01,360.0,30.0,20.58,38.35,2.03,2.79,3.68,70.4803695284005,380.0,490.0,450.0
1996-09-01,370.0,30.0,22.59,38.1,1.84,2.79,3.68,68.5197965021964,350.0,440.0,420.0
1996-10-01,370.0,30.0,24.18,37.6,2.37,2.94,3.79,68.3383967511799,330.0,430.0,420.0
1996-11-01,360.0,30.0,22.64,35.7,3.03,2.96,4.03,67.6251198707946,330.0,440.0,410.0
1996-12-01,340.0,30.0,23.9,35.35,3.82,2.96,4.08,66.8461632619068,335.0,445.0,400.0
1997-01-01,330.0,30.15,23.47,35.23,3.31,2.89,4.13,65.5104982442155,330.0,440.0,390.0
1997-02-01,330.0,30.15,20.83,34.6,2.22,2.89,4.22,64.7292069580288,330.0,430.0,390.0
1997-03-01,330.0,30.15,19.21,34.5,1.89,2.83,4.25,66.0348913077102,335.0,450.0,400.0
1997-04-01,340.0,30.15,17.47,35.4,2.031,2.77,4.07,66.4542013754646,340.0,450.0,400.0
1997-05-01,340.0,30.15,19.1425,35.73,2.24,2.74,4.03,65.7770601162311,340.0,450.0,390.0
1997-06-01,340.0,30.15,17.55,34.5,2.2,2.76,4.03,65.2451084972854,340.0,450.0,390.0
1997-07-01,320.0,30.15,18.4,35.0,2.19,2.67,3.89,65.2447774189515,350.0,450.0,400.0
1997-08-01,330.0,30.15,18.71,36.93,2.47,2.67,3.69,65.5797224637714,350.0,460.0,400.0
1997-09-01,322.0,30.15,18.45,37.15,2.84,2.7,3.69,64.3701870075959,342.0,468.0,392.0
1997-10-01,310.0,30.15,19.85,37.15,3.04,2.63,3.62,62.3083718189476,335.0,460.0,370.0
1997-11-01,310.0,30.15,19.0,33.6,3.02,2.66,3.68,60.6947070014537,330.0,440.0,340.0
1997-12-01,300.0,30.15,17.0,31.4,2.33,2.65,3.6,58.612144716235,325.0,430.0,330.0
1998-01-01,300.0,31.0,15.09,31.4,2.1,2.65,3.54,57.6330612156796,320.0,420.0,320.0
1998-02-01,300.0,31.0,14.06,33.44,2.22,2.63,3.43,58.721842312145,320.0,420.0,335.0
1998-03-01,290.0,31.0,13.08,31.88,2.23,2.61,3.44,56.4133725313685,310.0,410.0,330.0
1998-04-01,260.0,31.0,13.39,31.18,2.42,2.54,3.19,55.610113682098,300.0,400.0,340.0
1998-05-01,250.0,31.0,14.39,30.28,2.14,2.51,3.0,54.1102359554326,290.0,380.0,330.0
1998-06-01,270.0,31.0,12.058,30.0,2.17,2.5,3.0,55.2879738464658,290.0,380.0,340.0
1998-07-01,240.0,31.0,12.01,30.0,2.17,2.4,2.84,53.4615354490255,280.0,370.0,330.0
1998-08-01,230.0,31.0,11.8805,26.2,1.85,2.37,2.79,52.7561971964231,270.0,360.0,340.0
1998-09-01,230.0,31.0,13.36,27.09,2.01,2.33,2.74,51.5259463657708,260.0,350.0,340.0
1998-10-01,240.0,31.0,12.56,27.1,1.89,2.17,2.76,51.1362044886993,250.0,330.0,340.0
1998-11-01,240.0,31.0,10.92,26.1,2.103,2.15,2.78,50.2966866601004,240.0,320.0,330.0
1998-12-01,240.0,31.0,9.8,26.1,1.74,2.13,2.72,47.6022387836037,220.0,310.0,310.0
1999-01-01,240.0,27.59,11.06,26.1,1.86,2.02,2.77,46.6143343483441,210.0,310.0,300.0
1999-02-01,230.0,27.59,10.2,26.1,1.77,2.01,2.78,44.9524398511766,200.0,300.0,290.0
1999-03-01,220.0,27.59,12.47,26.1,1.79,1.95,2.78,45.4905683349087,210.0,310.0,290.0
1999-04-01,230.0,27.59,15.3,26.1,2.15,1.87,2.76,46.3560956951572,215.0,320.0,290.0
1999-05-01,230.0,27.59,15.14,26.1,2.25,1.89,2.88,47.347504204756,220.0,330.0,290.0
1999-06-01,230.0,27.59,15.77,26.1,2.3,1.91,2.93,48.058424614701,235.0,335.0,290.0
1999-07-01,240.0,27.59,19.01,26.1,2.31,2.0,2.99,48.8229346526855,240.0,340.0,290.0
1999-08-01,240.0,27.59,20.22,26.1,2.79,2.08,3.17,50.7027993370786,270.0,350.0,290.0
1999-09-01,240.0,27.59,22.4,26.1,2.54,2.2,3.35,51.7146003318454,280.0,360.0,290.0
1999-10-01,240.0,27.59,21.95,25.6,2.72,2.47,3.57,51.8973166954818,280.0,370.0,290.0
1999-11-01,240.0,27.59,24.59,25.1,2.36,2.51,3.73,52.0800330591181,280.0,380.0,290.0
1999-12-01,230.0,27.59,25.59,25.1,2.36,2.66,3.94,51.4475407439543,280.0,380.0,280.0
2000-01-01,220.0,28.79,25.38,25.1,2.42,3.36,4.15,49.0167272746562,280.0,370.0,260.0
2000-02-01,230.0,28.79,27.7048,25.1,2.65,3.46,4.21,51.8255256308005,290.0,390.0,280.0
2000-03-01,230.0,28.79,27.47,25.1,2.79,3.51,4.46,53.1550710559325,300.0,400.0,280.0
2000-04-01,230.0,28.79,22.54,25.1,3.03,3.68,4.64,54.469384703221,310.0,400.0,290.0
2000-05-01,240.0,28.79,27.34,25.6,3.58,3.55,4.53,55.1149012869698,320.0,400.0,290.0
2000-06-01,240.0,28.79,29.6773,25.6,4.28,3.6,4.74,55.1149012869698,320.0,400.0,290.0
2000-07-01,250.0,28.79,28.53,25.6,3.96,3.96,4.86,55.9239194156067,320.0,400.0,290.0
2000-08-01,250.0,28.79,29.43,25.6,4.41,4.01,4.84,55.8709262758433,320.0,400.0,290.0
2000-09-01,260.0,28.79,32.621,27.15,5.06,4.03,4.9,55.8163331899455,300.0,390.0,300.0
2000-10-01,270.0,28.79,30.9323,27.15,5.02,4.31,5.04,55.8147332438111,280.0,380.0,310.0
2000-11-01,260.0,28.79,32.5240909090909,27.15,5.55,4.39,5.13,54.8037839327896,270.0,360.0,310.0
2000-12-01,250.0,28.79,25.1255,30.75,8.95,4.44,5.05,51.951098021426,240.0,340.0,310.0
2001-01-01,250.0,30.03,25.6363636363636,32.1,8.17,4.65,4.88,50.1905805258278,230.0,320.0,310.0
2001-02-01,250.0,30.03,27.406,32.1,5.63,4.59,4.8,50.1905805258278,230.0,320.0,310.0
2001-03-01,247.5,30.03,24.3954545454545,32.6,5.16,4.57,4.87,50.0588504806199,233.75,318.75,307.5
2001-04-01,240.0,30.03,25.641,33.5,5.17,4.48,4.73,49.1180258713119,230.0,315.0,300.0
2001-05-01,220.0,30.03,28.4504761904762,33.8,4.21,4.36,4.66,47.141838969995,222.0,296.0,300.0
2001-06-01,220.0,30.03,27.7242857142857,33.9,3.71,4.33,4.69,46.9148546449073,220.0,295.0,300.0
2001-07-01,220.0,30.03,24.5381818181818,34.0,3.1,3.75,4.66,46.6420374080652,212.5,295.0,300.0
2001-08-01,210.0,30.03,25.6978260869565,33.8,2.95,3.79,4.54,46.128922815066,210.0,295.0,300.0
2001-09-01,200.0,30.03,25.544,32.8,2.15,3.79,4.54,45.7067473010141,210.0,295.0,300.0
2001-10-01,200.0,30.03,20.4782608695652,32.4,2.45,3.52,4.59,45.0689164397701,200.0,280.0,300.0
2001-11-01,200.0,30.03,18.9422727272727,29.4,2.36,3.46,4.38,45.0689164397701,200.0,280.0,300.0
2001-12-01,200.0,30.03,18.6047368421053,27.35,2.41,3.4,4.27,45.0689164397701,200.0,280.0,300.0
2002-01-01,200.0,29.31,19.485,27.35,2.25,3.06,4.21,45.0689164397701,200.0,280.0,300.0
2002-02-01,200.0,29.31,20.2915,28.1,2.31,3.03,4.12,45.0689164397701,200.0,280.0,300.0
2002-03-01,200.0,29.31,23.6905,27.8,3.03,2.97,3.99,45.0689164397701,200.0,280.0,300.0
2002-04-01,200.0,29.31,25.6540909090909,27.0875,3.42,2.81,3.96,46.5256181144112,230.0,300.0,300.0
2002-05-01,200.0,29.31,25.3872727272727,26.875,3.49,2.83,4.01,46.5256181144112,230.0,300.0,300.0
2002-06-01,200.0,29.31,24.1278947368421,24.9,3.22,2.9,4.06,47.2531307459902,250.0,300.0,300.0
2002-07-01,200.0,29.31,25.7678260869565,23.15,2.98,2.95,4.56,47.2531307459902,250.0,300.0,300.0
2002-08-01,210.0,29.31,26.6328571428571,22.25,3.09,3.01,4.35,49.9623303070285,280.0,380.0,300.0
2002-09-01,210.0,29.31,28.342380952381,22.7,3.57,3.08,4.46,49.9623303070285,280.0,380.0,300.0
2002-10-01,210.0,29.31,27.5486956521739,24.5,4.12,3.28,4.54,49.9623303070285,280.0,380.0,300.0
2002-11-01,210.0,29.31,24.1847619047619,24.5,4.04,3.34,4.56,49.9623303070285,280.0,380.0,300.0
2002-12-01,210.0,29.31,28.5209523809524,24.5,4.74,3.36,4.56,49.9623303070285,280.0,380.0,300.0
2003-01-01,210.0,31.95,31.2466666666667,24.9,5.405869,3.61,4.69,49.9623303070285,280.0,380.0,300.0
2003-02-01,270.0,31.95,32.6485,25.15,7.773684,3.67,4.8,54.1674547751097,320.0,410.0,300.0
2003-03-01,270.0,31.95,30.3390476190476,24.4,5.946857,3.74,4.78,54.1674547751097,320.0,410.0,300.0
2003-04-01,260.0,31.95,25.016,23.45,5.289318,4.03,4.78,53.3490491299366,320.0,410.0,300.0
2003-05-01,260.0,31.95,25.8095,23.3,5.838044,4.04,4.74,54.5541410218285,320.0,410.0,300.0
2003-06-01,260.0,31.95,27.5457142857143,24.1,5.771905,4.05,4.77,54.5541410218285,320.0,410.0,300.0
2003-07-01,267.5,31.95,28.3982608695652,24.35,5.005,4.04,4.75,56.3839150896354,320.0,462.5,300.0
2003-08-01,272.5,31.95,29.8257142857143,25.325,4.970714,3.98,4.67,56.8682107755527,322.5,482.5,300.0
2003-09-01,280.0,31.95,27.0981818181818,26.7,4.612727,3.97,4.7,57.3953598218357,330.0,490.0,300.0
2003-10-01,280.0,31.95,29.5904347826087,27.5,4.635652,3.88,4.62,57.3953598218357,330.0,490.0,300.0
2003-11-01,280.0,31.95,28.772,29.9125,4.5275,3.9,4.72,58.2970450020209,330.0,490.0,300.0
2003-12-01,280.0,31.95,29.9266666666667,34.0,6.126522,3.97,4.75,59.1987301822062,330.0,490.0,300.0
2004-01-01,280.0,37.9,31.1752380952381,37.75,6.09477272727273,3.87,4.75,62.9361380921975,355.0,500.0,300.0
2004-02-01,360.0,37.9,30.866,41.75,5.3795,3.89,4.81,69.8558929205712,400.0,510.0,300.0
2004-03-01,530.0,37.9,33.7991304347826,48.9375,5.39686956521739,3.86,4.88,88.7492214521261,450.0,550.0,300.0
2004-04-01,550.0,37.9,33.3622727272727,53.25,5.71652173913043,3.92,4.91,98.4948094379685,500.0,600.0,550.0
2004-05-01,550.0,37.9,37.9163157894737,56.4375,6.33595238095238,3.95,4.91,98.4948094379685,500.0,600.0,550.0
2004-06-01,475.0,37.9,35.1913636363636,59.55,6.27159090909091,4.01,5.04,97.265667257334,525.0,625.0,550.0
2004-07-01,400.0,37.9,38.3704545454546,61.375,5.92863636363636,4.28,5.07,96.7898884569813,550.0,650.0,550.0
2004-08-01,400.0,37.9,43.03,59.25,5.39568181818182,4.34,5.16,94.7923363028469,550.0,650.0,550.0
2004-09-01,400.0,37.9,43.3813636363636,55.375,5.13886363636364,4.41,5.43,94.7923363028469,550.0,650.0,550.0
2004-10-01,400.0,37.9,49.8180952380952,56.625,6.41166666666667,4.83,5.55,94.7923363028469,550.0,650.0,550.0
2004-11-01,400.0,37.9,43.0536363636364,52.825,6.08704545454546,4.96,5.45,95.3948822487929,550.0,650.0,550.0
2004-12-01,400.0,37.9,39.6442857142857,52.25,6.58130434782609,5.01,5.57,95.3948822487929,550.0,650.0,550.0
2005-01-01,400.0,65.0,44.2833333333333,53.045,6.15452380952381,5.46,5.42,95.3948822487929,550.0,650.0,550.0
2005-02-01,400.0,65.0,45.557,49.8975,6.14475,5.49,5.58,97.9986129549596,587.5,687.5,550.0
2005-03-01,407.5,65.0,53.0840909090909,50.925,6.96804347826087,5.52,5.59,100.043445508206,612.5,712.5,550.0
2005-04-01,430.0,65.0,51.8571428571429,51.25,7.15261904761905,5.86,5.67,102.820849081497,650.0,750.0,550.0
2005-05-01,430.0,65.0,48.6659090909091,51.3125,6.46931818181818,5.89,5.74,102.820849081497,650.0,750.0,550.0
2005-06-01,430.0,65.0,54.3068181818182,51.0,7.18613636363636,5.91,5.68,103.546797282935,650.0,750.0,600.0
2005-07-01,430.0,65.0,57.5790476190476,50.9,7.62619047619048,6.42,6.03,99.5626273070189,650.0,750.0,600.0
2005-08-01,430.0,65.0,64.09,49.125,9.62978260869565,6.56,6.2,99.5626273070189,650.0,750.0,600.0
2005-09-01,430.0,65.0,62.9818181818182,45.25,12.8756818181818,6.58,6.39,99.5626273070189,650.0,750.0,600.0
2005-10-01,430.0,65.0,58.5219047619048,42.4583333333333,13.522619047619,7.28,6.48,99.5626273070189,650.0,750.0,600.0
2005-11-01,430.0,65.0,55.535,38.0625,10.4309090909091,7.46,6.61,99.5626273070189,650.0,750.0,600.0
2005-12-01,430.0,65.0,56.7475,38.225,12.8275,7.49,6.49,99.5626273070189,650.0,750.0,600.0
2006-01-01,430.0,67.2,63.5742857142857,43.1875,8.66090909090909,7.96,6.53,99.5626273070189,650.0,750.0,600.0
2006-02-01,430.0,65.2,59.923,47.7,7.48785714285714,7.95,7.04,99.5626273070189,650.0,750.0,600.0
2006-03-01,430.0,66.7,62.2530434782609,49.75,6.89891304347826,7.99,6.88,99.5626273070189,650.0,750.0,600.0
2006-04-01,430.0,67.3,70.4421052631579,52.875,7.094,8.24,6.93,99.5626273070189,650.0,750.0,600.0
2006-05-01,460.0,67.3,70.1872727272727,52.6,6.19804347826087,8.28,6.92,93.5795467671357,550.0,600.0,550.0
2006-06-01,445.0,69.3,68.8577272727273,52.375,6.19318181818182,8.29,7.1,95.2049053385127,575.0,650.0,575.0
2006-07-01,450.0,70.5,73.8971428571429,52.75,6.25,8.58,6.86,98.146906562291,600.0,700.0,600.0
2006-08-01,450.0,69.8,73.6121739130435,50.9375,6.995,8.71,7.23,98.146906562291,600.0,700.0,600.0
2006-09-01,450.0,70.0,62.7719047619048,47.1,4.86238095238095,8.77,7.65,98.146906562291,600.0,700.0,600.0
2006-10-01,450.0,71.7,58.38,44.05,5.9625,8.97,7.2,96.7807248637264,575.0,675.0,600.0
2006-11-01,450.0,73.5,58.4831818181818,46.0,7.45363636363636,8.99,7.21,95.1673150893689,550.0,650.0,570.0
2006-12-01,450.0,73.5,62.3147368421053,49.75,6.57809523809524,8.92,7.35,94.4256308619902,550.0,650.0,480.0
2007-01-01,450.0,78.2,54.2990909090909,51.2875,6.58434782608696,8.59,7.11,94.7160101425658,550.0,650.0,500.0
2007-02-01,487.5,82.66,57.757,52.9,7.9725,8.56,6.89,95.3017590347371,550.0,650.0,500.0
2007-03-01,515.0,88.55,62.1436363636364,55.38,7.12318181818182,8.37,6.86,95.7313082223294,550.0,650.0,500.0
2007-04-01,532.5,91.26,67.3984210526316,56.12,7.58738095238095,8.0,7.09,96.440226626206,550.0,650.0,530.0
2007-05-01,545.0,102.02,67.4760869565217,56.0,7.61347826086957,7.98,7.22,96.6354762569298,550.0,650.0,530.0
2007-06-01,545.0,103.21,71.3161904761905,61.6,7.30414285714286,8.03,7.11,96.6354762569298,550.0,650.0,530.0
2007-07-01,492.5,106.09,77.2040909090909,67.31,6.22090909090909,8.13,7.26,96.1058070884655,550.0,650.0,550.0
2007-08-01,475.0,121.89,70.7965217391304,69.35,6.1954347826087,8.34,7.7,95.8324576054522,550.0,650.0,550.0
2007-09-01,545.0,148.65,77.127,68.44,6.0965,8.54,8.09,98.5868375551666,550.0,650.0,550.0
2007-10-01,545.0,168.11,82.8578260869565,74.81,6.79804347826087,9.16,8.55,103.56978360815,550.0,650.0,550.0
2007-11-01,569.0,195.09,92.5281818181818,84.6,7.13772727272727,9.47,9.14,104.017257719284,550.0,650.0,555.0
2007-12-01,556.5,190.12,91.45,91.0,7.1497619047619,9.49,9.18,103.82200808856,550.0,650.0,555.0
2008-01-01,574.75,193.37,91.9204545454545,91.75,8.0,10.7,9.94,110.830523459981,600.0,687.5,680.0
2008-02-01,598.5,186.12,94.8166666666667,132.0,8.55,10.84,10.46,125.940523003874,750.0,800.0,725.0
2008-03-01,745.0,197.12,103.2775,118.25,9.40142857142857,11.04,10.96,133.848906019875,750.0,800.0,857.0
2008-04-01,790.0,195.95,110.187727272727,123.0,10.1322727272727,12.19,11.42,134.885740863143,750.0,800.0,880.0
2008-05-01,790.0,192.95,123.93619047619,133.2,11.2304545454545,12.38,11.63,142.590782051743,750.0,800.0,970.0
2008-06-01,932.5,183.93,133.048571428571,159.75,12.6761904761905,12.63,12.07,173.351581564152,1000.0,1100.0,1000.0
2008-07-01,980.0,180.5,133.873043478261,180.0,11.1487826086957,14.37,12.35,179.626406259697,1000.0,1100.0,1075.0
2008-08-01,1030.0,178.74,113.849047619048,158.4,8.25,14.64,13.25,184.131681708376,1000.0,1100.0,1130.0
2008-09-01,792.5,139.64,99.0640909090909,150.0,7.6945,14.85,14.39,182.251881771809,1000.0,1100.0,1200.0
2008-10-01,760.0,88.67,72.8426086956522,108.0,6.7335,15.93,15.01,180.822593088018,1000.0,1100.0,1200.0
2008-11-01,682.5,64.95,53.241,92.25,6.6745,15.81,15.06,167.740470617479,1000.0,1100.0,1200.0
2008-12-01,446.25,69.98,41.5809090909091,78.65,5.7948,15.5,13.78,151.41640164684,1000.0,1100.0,1200.0
2009-01-01,462.5,72.51,44.86,79.4,5.2414,13.89,12.71,151.670226166781,1000.0,1100.0,1200.0
2009-02-01,485.0,75.59,43.2425,75.38,4.519,11.04,10.52,152.021675502084,1000.0,1100.0,1200.0
2009-03-01,470.0,64.07,46.8390909090909,61.0,3.9502,10.9,9.48,137.384548696799,800.0,900.0,1200.0
2009-04-01,425.0,59.78,50.8452380952381,63.56,3.4998,8.51,8.12,118.534755720876,600.0,700.0,1100.0
2009-05-01,450.0,62.69,57.9409523809524,64.5,3.81,8.09,7.5,115.768919288975,600.0,700.0,1020.0
2009-06-01,475.0,71.66,68.6168181818182,71.38,3.8043,7.95,7.18,115.846938902804,600.0,700.0,900.0
2009-07-01,500.0,83.95,64.91,73.8,3.3902,6.67,7.55,114.31173593486,600.0,700.0,870.0
2009-08-01,500.0,97.67,72.5047619047619,72.5,3.1479,6.92,7.76,113.688482063578,600.0,700.0,850.0
2009-09-01,500.0,80.71,67.6868181818182,67.64,2.9616,7.13,8.42,113.879049155883,600.0,700.0,850.0
2009-10-01,580.0,86.79,73.1940909090909,71.07,4.0232,7.6,9.1,113.760736998563,600.0,700.0,850.0
2009-11-01,495.0,99.26,77.0366666666667,78.8,3.6907,7.81,9.13,111.771526019037,600.0,700.0,825.0
2009-12-01,490.0,105.07,74.6695454545455,83.1,5.3652,8.01,9.76,110.865845217107,600.0,700.0,768.0
2010-01-01,510.0,125.72,76.373,97.0,5.8069,8.8,10.02,111.283303407544,600.0,700.0,750.0
2010-02-01,550.0,127.49,74.312,94.19,5.3357,8.8,10.52,112.824102560353,600.0,700.0,750.0
2010-03-01,577.5,139.69,79.2747826086956,94.375,4.2924,8.93,10.42,118.768585463238,675.0,775.0,752.5
2010-04-01,615.0,172.47,84.9785714285714,100.15,4.0059,7.52,10.98,126.269220076692,712.5,812.5,765.0
2010-05-01,630.0,161.35,76.2509523809524,100.13,4.156,7.27,11.39,133.491519655451,750.0,850.0,780.0
2010-06-01,617.5,143.63,74.8381818181818,98.1875,4.7948,7.74,10.48,130.680049516744,750.0,850.0,755.0
2010-07-01,540.0,126.36,74.7354545454545,95.98,4.6266,8.04,11.32,124.936743994347,750.0,850.0,694.0
2010-08-01,530.0,145.34,76.6931818181818,89.78,4.305,8.45,11.3,124.192710924552,750.0,850.0,670.0
2010-09-01,530.0,140.627272727273,77.7868181818182,94.9,3.9039,8.28,11.03,126.744380642326,750.0,850.0,670.0
2010-10-01,550.0,148.480952380952,82.9180952380952,97.45,3.4315,8.29,11.13,126.62531232669,750.0,850.0,660.0
2010-11-01,550.0,156.1,85.67,107.16,3.72725,8.59,10.84,125.877431982176,750.0,850.0,650.0
2010-12-01,550.0,163.1,91.7965217391304,118.29,4.23709523809524,8.74,10.75,125.877431982176,750.0,850.0,650.0
2011-01-01,600.0,179.18,96.2942857142857,132.48,4.4934,9.61,11.45,130.021808048945,750.0,850.0,663.33
2011-02-01,600.0,187.18,103.9555,128.36,4.0749,9.36,12.02,132.583867592581,750.0,850.0,690.0
2011-03-01,600.0,169.36,114.441304347826,126.13,3.9713,9.37,12.5,143.478976352407,800.0,900.0,700.0
2011-04-01,640.0,179.33,123.07,122.5,4.2424,10.36,12.99,147.53016196332,800.0,900.0,760.0
2011-05-01,640.0,177.05,114.458181818182,119.12,4.30895454545455,10.3,13.61,148.038325704327,800.0,900.0,795.0
2011-06-01,640.0,170.88,113.757727272727,120.09,4.549,10.26,14.52,147.483578320803,800.0,900.0,790.0
2011-07-01,640.0,172.98,116.46,120.75,4.4131,10.99,16.22,146.760349475732,800.0,900.0,790.0
2011-08-01,640.0,177.5,110.081304347826,120.13,4.0539,10.81,16.55,146.760349475732,800.0,900.0,790.0
2011-09-01,640.0,177.23,110.879090909091,123.09,3.9013,10.85,16.27,146.760349475732,800.0,900.0,790.0
2011-10-01,640.0,150.43,109.468571428571,119.39,3.568,11.42,16.48,146.760349475732,800.0,900.0,790.0
2011-11-01,640.0,135.54,110.504090909091,113.78,3.24245,11.32,16.78,142.918787557194,800.0,900.0,790.0
2011-12-01,640.0,136.39,107.909047619048,111.56,3.1642380952381,11.53,16.48,141.660573184411,800.0,900.0,790.0
2012-01-01,640.0,140.26,111.15619047619,116.46,2.6797,11.45,16.71,138.7235238809,800.0,900.0,790.0
2012-02-01,640.0,140.4,119.702380952381,117.02,2.5192,11.12,16.03,137.390007133761,800.0,900.0,790.0
2012-03-01,640.0,144.66,124.928636363636,107.46,2.1661,11.97,16.34,137.546314144159,800.0,900.0,790.0
2012-04-01,640.0,147.64,120.4635,103.59,1.9467,11.42,16.85,137.207300623033,800.0,900.0,790.0
2012-05-01,640.0,136.61,110.521739130435,95.83,2.4374,11.64,17.12,137.09429611599,800.0,900.0,790.0
2012-06-01,640.0,134.66,95.5890476190476,87.19,2.4552,11.49,17.2,137.09429611599,800.0,900.0,790.0
