fecha,SF43718,SP1,SF43783,SR16734,SP74665
2015-01-01,,87.110103,,102.3197,5.34
2015-01-02,14.829,,3.3205,,
2015-01-05,14.9469,,3.324,,
2015-01-06,14.8479,,3.3225,,
2015-01-07,14.7936,,3.305,,
2015-01-08,14.6274,,3.3,,
2015-01-09,14.5804,,3.3075,,
2015-01-12,14.6398,,3.3,,
2015-01-13,14.5559,,3.2885,,
2015-01-14,14.5644,,3.2991,,
2015-01-15,14.5821,,3.2975,,
2015-01-16,14.6223,,3.3025,,
2015-01-19,14.6524,,3.2962,,
2015-01-20,14.6484,,3.3017,,
2015-01-21,14.6983,,3.29,,
2015-01-22,14.612,,3.295,,
2015-01-23,14.6499,,3.2925,,
2015-01-26,14.5887,,3.2975,,
2015-01-27,14.5872,,3.3039,,
2015-01-28,14.6878,,3.2977,,
2015-01-29,14.8414,,3.305,,
2015-01-30,14.9885,,3.2875,,
2015-02-01,,87.275377,,99.8705,4.88
2015-02-03,14.7566,,3.295,,
2015-02-04,14.8011,,3.301,,
2015-02-05,14.7548,,3.3,,
2015-02-06,14.9024,,3.2925,,
2015-02-09,14.8014,,3.291,,
2015-02-10,14.9309,,3.2975,,
2015-02-11,15.1099,,3.2955,,
2015-02-12,14.9167,,3.2891,,
2015-02-13,14.8605,,3.3029,,
2015-02-16,14.8979,,3.2961,,
2015-02-17,14.8971,,3.2975,,
2015-02-18,14.9473,,3.3,,
2015-02-19,14.9583,,3.3,,
2015-02-20,15.0757,,3.295,,
2015-02-23,15.0832,,3.2925,,
2015-02-24,14.9712,,3.3,,
2015-02-25,14.9228,,3.3025,,
2015-02-26,14.9624,,3.3041,,
2015-02-27,14.9553,,3.2925,,
2015-03-01,,87.630717,,104.9661,5.29
2015-03-02,14.9862,,3.2987,,
2015-03-03,14.9544,,3.29,,
2015-03-04,15.0756,,3.2934,,
2015-03-05,15.1686,,3.2953,,
2015-03-06,15.4445,,3.2875,,
2015-03-09,15.4544,,3.3037,,
2015-03-10,15.5837,,3.305,,
2015-03-11,15.4455,,3.3075,,
2015-03-12,15.4003,,3.31,,
2015-03-13,15.4892,,3.3025,,
2015-03-17,15.4271,,3.3112,,
2015-03-18,15.4192,,3.314,,
2015-03-19,15.296,,3.309,,
2015-03-20,15.0317,,3.299,,
2015-03-23,14.9644,,3.303,,
2015-03-24,14.9347,,3.305,,
2015-03-25,14.9524,,3.3083,,
2015-03-26,15.1056,,3.3075,,
2015-03-27,15.1542,,3.31,,
2015-03-30,15.2427,,3.305,,
2015-03-31,15.2647,,3.2955,,
2015-04-01,15.1206,87.40384,3.299,103.6879,5.46
2015-04-06,14.8003,,3.295,,
2015-04-07,14.9039,,3.3,,
2015-04-08,14.9072,,3.29,,
2015-04-09,15.0554,,3.305,,
2015-04-10,15.1706,,3.31,,
2015-04-13,15.2947,,3.3082,,
2015-04-14,15.2339,,3.3,,
2015-04-15,15.3891,,3.3,,
2015-04-16,15.2455,,3.278,,
2015-04-17,15.3128,,3.285,,
2015-04-20,15.3973,,3.295,,
2015-04-21,15.3837,,3.2955,,
2015-04-22,15.4518,,3.297,,
2015-04-23,15.3539,,3.293,,
2015-04-24,15.3834,,3.3046,,
2015-04-27,15.3213,,3.3,,
2015-04-28,15.2225,,3.29,,
2015-04-29,15.2043,,3.2875,,
2015-04-30,15.3714,,3.2975,,
2015-05-01,,86.967366,,106.1979,4.64
2015-05-04,15.494,,3.3062,,
2015-05-05,15.3225,,3.3,,
2015-05-06,15.2825,,3.295,,
2015-05-07,15.3397,,3.3075,,
2015-05-08,15.1424,,3.3,,
2015-05-11,15.2624,,3.3,,
2015-05-12,15.3211,,3.3,,
2015-05-13,15.2213,,3.3065,,
2015-05-14,15.1235,,3.302,,
2015-05-15,15.0225,,3.3,,
2015-05-18,15.12,,3.2935,,
2015-05-19,15.2008,,3.2995,,
2015-05-20,15.212,,3.2945,,
2015-05-21,15.2326,,3.31,,
2015-05-22,15.2918,,3.299,,
2015-05-25,15.2635,,3.3072,,
2015-05-26,15.3235,,3.305,,
2015-05-27,15.3581,,3.3,,
2015-05-28,15.3737,,3.3025,,
2015-05-29,15.3815,,3.295,,
2015-06-01,15.4845,87.113108,3.3,107.3171,4.63
2015-06-02,15.4128,,3.3089,,
2015-06-03,15.4833,,3.3075,,
2015-06-04,15.5347,,3.3,,
2015-06-05,15.6958,,3.31,,
2015-06-08,15.6715,,3.3105,,
2015-06-09,15.5645,,3.3094,,
2015-06-10,15.4779,,3.3,,
2015-06-11,15.4409,,3.295,,
2015-06-12,15.4129,,3.3145,,
2015-06-15,15.4327,,3.3025,,
2015-06-16,15.4192,,3.305,,
2015-06-17,15.4199,,3.308,,
2015-06-18,15.2828,,3.31,,
2015-06-19,15.3274,,3.31,,
2015-06-22,15.3072,,3.3025,,
2015-06-23,15.4088,,3.3088,,
2015-06-24,15.4555,,3.3025,,
2015-06-25,15.4816,,3.2975,,
2015-06-26,15.5676,,3.295,,
2015-06-29,15.6599,,3.3025,,
2015-06-30,15.6854,,3.3025,,
2015-07-01,15.7829,87.24082,3.31,107.4601,4.12
2015-07-02,15.6821,,3.3025,,
2015-07-03,15.6918,,3.3037,,
2015-07-06,15.753,,3.3,,
2015-07-07,15.8281,,3.2988,,
2015-07-08,15.8174,,3.2925,,
2015-07-09,15.7856,,3.2966,,
2015-07-10,15.7329,,3.296,,
2015-07-13,15.7404,,3.2956,,
2015-07-14,15.6728,,3.2987,,
2015-07-15,15.747,,3.3075,,
2015-07-16,15.8014,,3.3095,,
2015-07-17,15.9121,,3.3025,,
2015-07-20,15.9856,,3.3,,
2015-07-21,15.9728,,3.3042,,
2015-07-22,16.095,,3.3087,,
2015-07-23,16.0988,,3.305,,
2015-07-24,16.2364,,3.3075,,
2015-07-27,16.2681,,3.31,,
2015-07-28,16.2638,,3.313,,
2015-07-29,16.214,,3.305,,
2015-07-30,16.4512,,3.3025,,
2015-07-31,16.0772,,3.3112,,
2015-08-01,,87.424875,,105.4827,3.51
2015-08-03,16.1129,,3.314,,
2015-08-04,16.1736,,3.3075,,
2015-08-05,16.3762,,3.31,,
2015-08-06,16.3533,,3.3132,,
2015-08-07,16.1645,,3.31,,
2015-08-10,16.1652,,3.3134,,
2015-08-11,16.3241,,3.3095,,
2015-08-12,16.2976,,3.3075,,
2015-08-13,16.3541,,3.3075,,
2015-08-14,16.3658,,3.3116,,
2015-08-17,16.3993,,3.31,,
2015-08-18,16.4317,,3.313,,
2015-08-19,16.4908,,3.31,,
2015-08-20,16.7182,,3.3173,,
2015-08-21,16.9171,,3.321,,
2015-08-24,17.0975,,3.3199,,
2015-08-25,16.9859,,3.3321,,
2015-08-26,17.1065,,3.326,,
2015-08-27,16.8863,,3.33,,
2015-08-28,16.7684,,3.326,,
2015-08-31,16.7829,,3.33,,
2015-09-01,16.8692,87.752419,3.335,105.0229,2.96
2015-09-02,16.9444,,3.335,,
2015-09-03,16.7918,,3.3358,,
2015-09-04,16.8454,,3.335,,
2015-09-07,16.988,,3.334,,
2015-09-08,16.7979,,3.339,,
2015-09-09,16.7773,,3.342,,
2015-09-10,16.8103,,3.3425,,
2015-09-11,16.8261,,3.3436,,
2015-09-14,16.8168,,3.3444,,
2015-09-15,16.7716,,3.3439,,
2015-09-17,16.568,,3.3465,,
2015-09-18,16.539,,3.3415,,
2015-09-21,16.6865,,3.3257,,
2015-09-22,16.8713,,3.33,,
2015-09-23,17.0453,,3.3289,,
2015-09-24,17.1149,,3.32,,
2015-09-25,16.9595,,3.3225,,
2015-09-28,17.0073,,3.325,,
2015-09-29,17.0771,,3.325,,
2015-09-30,16.9053,,3.325,,
2015-10-01,16.8566,88.203919,3.3225,109.2946,2.52
2015-10-02,16.8162,,3.3247,,
2015-10-05,16.6941,,3.3125,,
2015-10-06,16.6878,,3.31,,
2015-10-07,16.5762,,3.3134,,
2015-10-08,16.5464,,3.305,,
2015-10-09,16.418,,3.3106,,
2015-10-12,16.4219,,3.31,,
2015-10-13,16.5848,,3.3025,,
2015-10-14,16.5804,,3.305,,
2015-10-15,16.425,,3.3,,
2015-10-16,16.3959,,3.3,,
2015-10-19,16.4899,,3.308,,
2015-10-20,16.5618,,3.31,,
2015-10-21,16.66,,3.3,,
2015-10-22,16.5284,,3.3,,
2015-10-23,16.5138,,3.2925,,
2015-10-26,16.4998,,3.29,,
2015-10-27,16.5545,,3.29,,
2015-10-28,16.4503,,3.3037,,
2015-10-29,16.6219,,3.3,,
2015-10-30,16.5244,,3.3,,
2015-11-01,,88.685468,,109.0991,1.84
2015-11-03,16.4196,,3.3025,,
2015-11-04,16.5147,,3.3,,
2015-11-05,16.5959,,3.3005,,
2015-11-06,16.8382,,3.3025,,
2015-11-09,16.87,,3.3025,,
2015-11-10,16.7658,,3.3099,,
2015-11-11,16.7173,,3.315,,
2015-11-12,16.7406,,3.31,,
2015-11-13,16.7395,,3.32,,
2015-11-17,16.757,,3.326,,
2015-11-18,16.7636,,3.3225,,
2015-11-19,16.5748,,3.3318,,
2015-11-20,16.512,,3.3225,,
2015-11-23,16.5306,,3.3325,,
2015-11-24,16.4705,,3.326,,
2015-11-25,16.5548,,3.33,,
2015-11-26,16.5492,,3.323,,
2015-11-27,16.5784,,3.315,,
2015-11-30,16.5856,,3.3175,,
2015-12-01,16.5104,89.046818,3.3116,109.263,1.28
2015-12-02,16.5933,,3.325,,
2015-12-03,16.7095,,3.3358,,
2015-12-04,16.6757,,3.34,,
2015-12-07,16.9044,,3.33,,
2015-12-08,17.0164,,3.34,,
2015-12-09,17.016,,3.35,,
2015-12-10,17.075,,3.36,,
2015-12-11,17.3592,,3.3525,,
2015-12-14,17.3776,,3.3555,,
2015-12-15,17.1529,,3.34,,
2015-12-16,17.136,,3.3621,,
2015-12-17,17.1,,3.3825,,
2015-12-18,17.0139,,3.425,,
2015-12-21,17.1034,,3.4715,,
2015-12-22,17.1847,,3.5042,,
2015-12-23,17.1953,,3.53,,
2015-12-24,17.276,,3.5316,,
2015-12-28,17.271,,3.535,,
2015-12-29,17.2065,,3.5505,,
2015-12-30,17.3398,,3.5525,,
2015-12-31,17.2487,,3.5475,,
2016-01-01,,89.386381,,104.4189,2.52
2016-01-04,17.3529,,3.555,,
2016-01-05,17.3456,,3.5575,,
2016-01-06,17.4411,,3.554,,
2016-01-07,17.6568,,3.56,,
2016-01-08,17.9283,,3.56,,
2016-01-11,17.9304,,3.5545,,
2016-01-12,17.9119,,3.5539,,
2016-01-13,17.85,,3.5505,,
2016-01-14,17.9121,,3.5579,,
2016-01-15,18.2108,,3.5543,,
2016-01-18,18.2327,,3.5547,,
2016-01-19,18.1947,,3.5598,,
2016-01-20,18.608,,3.5551,,
2016-01-21,18.5084,,3.554,,
2016-01-22,18.428,,3.56,,
2016-01-25,18.5352,,3.5545,,
2016-01-26,18.4715,,3.56,,
2016-01-27,18.453,,3.561,,
2016-01-28,18.2906,,3.56,,
2016-01-29,18.1935,,3.5551,,
2016-02-01,,89.777781,,104.5801,3.49
2016-02-02,18.4902,,3.557,,
2016-02-03,18.4537,,3.555,,
2016-02-04,18.1891,,3.5588,,
2016-02-05,18.3748,,3.56,,
2016-02-08,18.6959,,3.5616,,
2016-02-09,18.7818,,3.558,,
2016-02-10,18.8089,,3.5598,,
2016-02-11,19.1754,,3.5541,,
2016-02-12,19.0392,,3.555,,
2016-02-15,18.8471,,3.5476,,
2016-02-16,18.8148,,3.5483,,
2016-02-17,18.3895,,3.5543,,
2016-02-18,18.1439,,4.035,,
2016-02-19,18.2762,,4.0303,,
2016-02-22,18.0568,,4.035,,
2016-02-23,18.1948,,4.0316,,
2016-02-24,18.2893,,4.0507,,
2016-02-25,18.168,,4.0547,,
2016-02-26,18.1706,,4.0555,,
2016-02-29,18.102,,4.0501,,
2016-03-01,17.9432,89.910001,4.0594,105.9085,2.12
2016-03-02,17.8561,,4.0577,,
2016-03-03,17.8971,,4.06,,
2016-03-04,17.7723,,4.0601,,
2016-03-07,17.7526,,4.064,,
2016-03-08,17.9044,,4.0625,,
2016-03-09,17.7523,,4.0606,,
2016-03-10,17.8601,,4.0601,,
2016-03-11,17.7002,,4.0606,,
2016-03-14,17.7691,,4.0613,,
2016-03-15,17.926,,4.0625,,
2016-03-16,17.9308,,4.0645,,
2016-03-17,17.4034,,4.0647,,
2016-03-18,17.2995,,4.0648,,
2016-03-22,17.3361,,4.066,,
2016-03-23,17.5273,,4.065,,
2016-03-28,17.461,,4.0674,,
2016-03-29,17.4015,,4.065,,
2016-03-30,17.2509,,4.0625,,
2016-03-31,17.237,,4.065,,
2016-04-01,17.3338,89.625278,4.065,107.2926,1.66
2016-04-04,17.4484,,4.0625,,
2016-04-05,17.7252,,4.065,,
2016-04-06,17.7286,,4.0653,,
2016-04-07,17.893,,4.0661,,
2016-04-08,17.7391,,4.065,,
2016-04-11,17.6452,,4.0624,,
2016-04-12,17.5719,,4.0625,,
2016-04-13,17.49,,4.0625,,
2016-04-14,17.388,,4.0618,,
2016-04-15,17.5669,,4.065,,
2016-04-18,17.4598,,4.065,,
2016-04-19,17.2825,,4.0652,,
2016-04-20,17.3078,,4.0626,,
2016-04-21,17.4202,,4.065,,
2016-04-22,17.4359,,4.065,,
2016-04-25,17.5866,,4.0625,,
2016-04-26,17.4298,,4.065,,
2016-04-27,17.3993,,4.0655,,
2016-04-28,17.2125,,4.065,,
2016-04-29,17.1767,,4.065,,
2016-05-01,,89.225615,,109.0624,1.55
2016-05-02,17.2279,,4.0655,,
2016-05-03,17.5234,,4.065,,
2016-05-04,17.7358,,4.0625,,
2016-05-05,17.7866,,4.0633,,
2016-05-06,17.9204,,4.0638,,
2016-05-09,18.1033,,4.065,,
2016-05-10,18.0205,,4.0611,,
2016-05-11,17.9549,,4.0599,,
2016-05-12,17.9915,,4.0603,,
2016-05-13,18.1562,,4.0607,,
2016-05-16,18.1795,,4.065,,
2016-05-17,18.3217,,4.066,,
2016-05-18,18.3761,,4.065,,
2016-05-19,18.5465,,4.065,,
2016-05-20,18.3826,,4.0812,,
2016-05-23,18.4444,,4.0775,,
2016-05-24,18.4694,,4.0936,,
2016-05-25,18.452,,4.1081,,
2016-05-26,18.4572,,4.1125,,
2016-05-27,18.4527,,4.095,,
2016-05-30,18.4777,,4.0975,,
2016-05-31,18.4118,,4.097,,
2016-06-01,18.5299,89.324028,4.1,109.9616,1.16
2016-06-02,18.6097,,4.0958,,
2016-06-03,18.6283,,4.0965,,
2016-06-06,18.5889,,4.0926,,
2016-06-07,18.5067,,4.0915,,
2016-06-08,18.1491,,4.0886,,
2016-06-09,18.2742,,4.0925,,
2016-06-10,18.5046,,4.0869,,
2016-06-13,18.7915,,4.095,,
2016-06-14,18.9814,,4.0986,,
2016-06-15,18.8672,,4.11,,
2016-06-16,18.9968,,4.1037,,
2016-06-17,18.8527,,4.1046,,
2016-06-20,18.6559,,4.105,,
2016-06-21,18.6444,,4.1091,,
2016-06-22,18.5325,,4.11,,
2016-06-23,18.3207,,4.0995,,
2016-06-24,18.8716,,4.0995,,
2016-06-27,19.1283,,4.1042,,
2016-06-28,18.9113,,4.1185,,
2016-06-29,18.555,,4.1131,,
2016-06-30,18.4646,,4.1116,,
2016-07-01,18.309,89.556914,4.1138,107.5249,1.65
2016-07-04,18.3858,,4.56,,
2016-07-05,18.7536,,4.5605,,
2016-07-06,18.8161,,4.5715,,
2016-07-07,18.8607,,4.5775,,
2016-07-08,18.5991,,4.5821,,
2016-07-11,18.4597,,4.576,,
2016-07-12,18.3006,,4.5758,,
2016-07-13,18.3937,,4.5806,,
2016-07-14,18.3061,,4.585,,
2016-07-15,18.492,,4.589,,
2016-07-18,18.4879,,4.59,,
2016-07-19,18.5719,,4.59,,
2016-07-20,18.5729,,4.5875,,
2016-07-21,18.6022,,4.5908,,
2016-07-22,18.6089,,4.5854,,
2016-07-25,18.7569,,4.5849,,
2016-07-26,18.8114,,4.5895,,
2016-07-27,18.8602,,4.59,,
2016-07-28,18.8979,,4.5882,,
2016-07-29,18.7837,,4.5874,,
2016-08-01,18.8504,89.809333,4.585,108.9485,1.99
2016-08-02,18.8966,,4.585,,
2016-08-03,18.9117,,4.5836,,
2016-08-04,18.8612,,4.5828,,
2016-08-05,18.8691,,4.5874,,
2016-08-08,18.5716,,4.586,,
2016-08-09,18.3842,,4.5906,,
2016-08-10,18.3479,,4.59,,
2016-08-11,18.2678,,4.59,,
2016-08-12,18.2455,,4.5875,,
2016-08-15,18.0363,,4.5916,,
2016-08-16,17.9869,,4.5912,,
2016-08-17,18.2598,,4.5911,,
2016-08-18,18.0832,,4.5937,,
2016-08-19,18.2674,,4.595,,
2016-08-22,18.3023,,4.595,,
2016-08-23,18.3202,,4.594,,
2016-08-24,18.4971,,4.595,,
2016-08-25,18.446,,4.5925,,
2016-08-26,18.283,,4.5925,,
2016-08-29,18.5773,,4.595,,
2016-08-30,18.7953,,4.595,,
2016-08-31,18.8611,,4.595,,
2016-09-01,18.8523,90.357744,4.595,106.0608,2.65
2016-09-02,18.6589,,4.5925,,
2016-09-05,18.5581,,4.5925,,
2016-09-06,18.3524,,4.595,,
2016-09-07,18.3689,,4.595,,
2016-09-08,18.5427,,4.595,,
2016-09-09,18.8451,,4.59,,
2016-09-12,19.0646,,4.5906,,
2016-09-13,19.152,,4.591,,
2016-09-14,19.2275,,4.595,,
2016-09-15,19.2514,,4.595,,
2016-09-19,19.6097,,4.595,,
2016-09-20,19.777,,4.5951,,
2016-09-21,19.8394,,4.625,,
2016-09-22,19.5965,,4.6275,,
2016-09-23,19.7211,,4.6343,,
2016-09-26,19.8322,,4.6389,,
2016-09-27,19.5044,,4.6369,,
2016-09-28,19.5002,,4.6399,,
2016-09-29,19.4086,,4.6439,,
2016-09-30,19.3776,,4.6683,,
2016-10-01,,90.906154,,110.5644,2.95
2016-10-03,19.3211,,5.0725,,
2016-10-04,19.2138,,5.0935,,
2016-10-05,19.2554,,5.0975,,
2016-10-06,19.2433,,5.1025,,
2016-10-07,19.2994,,5.105,,
2016-10-10,18.8786,,5.11,,
2016-10-11,18.9531,,5.1065,,
2016-10-12,18.9622,,5.1069,,
2016-10-13,19.0399,,5.1122,,
2016-10-14,19.0046,,5.11,,
2016-10-17,18.8723,,5.1115,,
2016-10-18,18.6726,,5.11,,
2016-10-19,18.5894,,5.1134,,
2016-10-20,18.5945,,5.1125,,
2016-10-21,18.6481,,5.115,,
2016-10-24,18.5658,,5.1247,,
2016-10-25,18.5147,,5.1178,,
2016-10-26,18.6485,,5.1155,,
2016-10-27,18.8443,,5.1162,,
2016-10-28,18.7304,,5.1163,,
2016-10-31,18.8887,,5.1103,,
2016-11-01,19.1306,91.616834,5.1086,114.1458,3.34
2016-11-03,19.2014,,5.1143,,
2016-11-04,19.0792,,5.1118,,
2016-11-07,18.6192,,5.1136,,
2016-11-08,18.5089,,5.115,,
2016-11-09,19.925,,5.1173,,
2016-11-10,20.4812,,5.2018,,
2016-11-11,21.0511,,5.2359,,
2016-11-14,20.8729,,5.247,,
2016-11-15,20.349,,5.285,,
2016-11-16,20.2884,,5.31,,
2016-11-17,20.1898,,5.35,,
2016-11-18,20.4193,,5.38,,
2016-11-22,20.5205,,5.595,,
2016-11-23,20.6901,,5.575,,
2016-11-24,20.7051,,5.5725,,
2016-11-25,20.6475,,5.5762,,
2016-11-28,20.5521,,5.575,,
2016-11-29,20.6225,,5.5677,,
2016-11-30,20.5155,,5.5738,,
2016-12-01,20.7488,92.039035,5.5735,112.5099,3.13
2016-12-02,20.6149,,5.585,,
2016-12-05,20.5927,,5.589,,
2016-12-06,20.3863,,5.595,,
2016-12-07,20.2967,,5.6035,,
2016-12-08,20.4162,,5.5983,,
2016-12-09,20.3305,,5.605,,
2016-12-13,20.2567,,5.6013,,
2016-12-14,20.2226,,5.6019,,
2016-12-15,20.5973,,5.6049,,
2016-12-16,20.428,,5.6274,,
2016-12-19,20.4098,,6.0803,,
2016-12-20,20.43,,6.0925,,
2016-12-21,20.4921,,6.1025,,
2016-12-22,20.7179,,6.1075,,
2016-12-23,20.6271,,6.105,,
2016-12-26,20.6445,,6.11,,
2016-12-27,20.7052,,6.11,,
2016-12-28,20.7314,,6.11,,
2016-12-29,20.664,,6.11,,
2016-12-30,20.6194,,6.1066,,
2017-01-01,,93.603882,,108.4199,7.4
2017-01-02,20.7323,,6.11,,
2017-01-03,20.852,,6.11,,
2017-01-04,21.3799,,6.115,,
2017-01-05,21.3661,,6.12,,
2017-01-06,21.3144,,6.12,,
2017-01-09,21.3219,,6.12,,
2017-01-10,21.6168,,6.115,,
2017-01-11,21.9076,,6.115,,
2017-01-12,21.7204,,6.115,,
2017-01-13,21.633,,6.115,,
2017-01-16,21.6643,,6.1175,,
2017-01-17,21.5738,,6.1186,,
2017-01-18,21.8514,,6.1276,,
2017-01-19,21.9044,,6.13,,
2017-01-20,21.7002,,6.1375,,
2017-01-23,21.4512,,6.1386,,
2017-01-24,21.3692,,6.1424,,
2017-01-25,21.3439,,6.1475,,
2017-01-26,21.2024,,6.1475,,
2017-01-27,21.0212,,6.1475,,
2017-01-30,20.7588,,6.1537,,
2017-01-31,20.7908,,6.1525,,
2017-02-01,20.7752,94.14478,6.16,105.2837,6.71
2017-02-02,20.5757,,6.1615,,
2017-02-03,20.3439,,6.1625,,
2017-02-07,20.637,,6.1703,,
2017-02-08,20.4994,,6.1695,,
2017-02-09,20.4163,,6.1823,,
2017-02-10,20.3535,,6.1958,,
2017-02-13,20.328,,6.585,,
2017-02-14,20.3507,,6.5871,,
2017-02-15,20.3254,,6.588,,
2017-02-16,20.3325,,6.595,,
2017-02-17,20.4526,,6.595,,
2017-02-20,20.4059,,6.595,,
2017-02-21,20.4489,,6.5965,,
2017-02-22,19.9127,,6.595,,
2017-02-23,19.7011,,6.59,,
2017-02-24,19.8335,,6.6,,
2017-02-27,19.8322,,6.603,,
2017-02-28,19.9957,,6.605,,
2017-03-01,19.9007,94.722489,6.6058,111.9044,8.02
2017-03-02,19.9373,,6.6066,,
2017-03-03,19.6147,,6.6103,,
2017-03-06,19.5538,,6.6075,,
2017-03-07,19.521,,6.6076,,
2017-03-08,19.6007,,6.6072,,
2017-03-09,19.7974,,6.605,,
2017-03-10,19.6279,,6.6064,,
2017-03-13,19.5803,,6.61,,
2017-03-14,19.6543,,6.62,,
2017-03-15,19.4493,,6.62,,
2017-03-16,19.173,,6.6267,,
2017-03-17,19.117,,6.6336,,
2017-03-21,19.107,,6.6355,,
2017-03-22,19.0837,,6.6425,,
2017-03-23,18.9877,,6.6438,,
2017-03-24,18.8528,,6.6438,,
2017-03-27,18.8661,,6.6325,,
2017-03-28,18.8853,,6.6413,,
2017-03-29,18.8092,,6.66,,
2017-03-30,18.7079,,6.6693,,
2017-03-31,18.7955,,6.6796,,
2017-04-01,,94.838933,,106.2019,9.25
2017-04-03,18.732,,6.835,,
2017-04-04,18.8334,,6.8412,,
2017-04-05,18.7192,,6.849,,
2017-04-06,18.7696,,6.8448,,
2017-04-07,18.656,,6.8524,,
2017-04-10,18.6923,,6.8492,,
2017-04-11,18.7646,,6.855,,
2017-04-12,18.7528,,6.8559,,
2017-04-17,18.5582,,6.86,,
2017-04-18,18.4863,,6.87,,
2017-04-19,18.8374,,6.8725,,
2017-04-20,18.8187,,6.8725,,
2017-04-21,18.8413,,6.88,,
2017-04-24,18.6521,,6.88,,
2017-04-25,18.9225,,6.886,,
2017-04-26,19.1119,,6.8929,,
2017-04-27,19.067,,6.9013,,
2017-04-28,18.9594,,6.8925,,
2017-05-01,,94.725494,,112.3031,10.6
2017-05-02,18.7731,,6.8935,,
2017-05-03,18.8031,,6.8954,,
2017-05-04,19.0019,,6.8967,,
2017-05-05,19.0137,,6.8952,,
2017-05-08,19.1164,,6.8947,,
2017-05-09,19.1364,,6.89,,
2017-05-10,18.9587,,6.8898,,
2017-05-11,18.9039,,6.893,,
2017-05-12,18.7594,,6.895,,
2017-05-15,18.67,,6.8906,,
2017-05-16,18.6183,,6.8885,,
2017-05-17,18.6761,,6.8876,,
2017-05-18,18.8898,,6.8858,,
2017-05-19,18.6859,,6.8896,,
2017-05-22,18.6633,,7.0979,,
2017-05-23,18.615,,7.1145,,
2017-05-24,18.5689,,7.12,,
2017-05-25,18.4185,,7.13,,
2017-05-26,18.4849,,7.1335,,
2017-05-29,18.5121,,7.14,,
2017-05-30,18.6643,,7.145,,
2017-05-31,18.6909,,7.1471,,
2017-06-01,18.5941,94.96364,7.15,112.7973,11.09
2017-06-02,18.6204,,7.15,,
2017-06-05,18.3819,,7.1556,,
2017-06-06,18.2762,,7.155,,
2017-06-07,18.2278,,7.16,,
2017-06-08,18.1946,,7.1585,,
2017-06-09,18.1939,,7.1648,,
2017-06-12,18.1802,,7.1661,,
2017-06-13,18.0725,,7.19,,
2017-06-14,17.9343,,7.1875,,
2017-06-15,18.1154,,7.1873,,
2017-06-16,17.9321,,7.185,,
2017-06-19,17.9519,,7.1899,,
2017-06-20,18.1167,,7.1929,,
2017-06-21,18.157,,7.1975,,
2017-06-22,18.127,,7.202,,
2017-06-23,17.99,,7.21,,
2017-06-26,17.8775,,7.3465,,
2017-06-27,17.9862,,7.34,,
2017-06-28,17.8973,,7.33,,
2017-06-29,18.0279,,7.3492,,
2017-06-30,18.0626,,7.36,,
2017-07-01,,95.322736,,108.9551,11.27
2017-07-03,18.2064,,7.365,,
2017-07-04,18.2036,,7.3696,,
2017-07-05,18.3556,,7.37,,
2017-07-06,18.3227,,7.37,,
2017-07-07,18.1394,,7.3691,,
2017-07-10,17.9751,,7.365,,
2017-07-11,17.9482,,7.3527,,
2017-07-12,17.7708,,7.3525,,
2017-07-13,17.7422,,7.3425,,
2017-07-14,17.5613,,7.355,,
2017-07-17,17.5836,,7.3612,,
2017-07-18,17.5134,,7.365,,
2017-07-19,17.4937,,7.3675,,
2017-07-20,17.526,,7.3675,,
2017-07-21,17.5618,,7.3751,,
2017-07-24,17.6893,,7.3675,,
2017-07-25,17.7492,,7.3725,,
2017-07-26,17.7561,,7.3725,,
2017-07-27,17.6886,,7.3763,,
2017-07-28,17.7435,,7.376,,
2017-07-31,17.8646,,7.3811,,
2017-08-01,17.8108,95.793768,7.3775,111.7703,11.98
2017-08-02,17.8696,,7.375,,
2017-08-03,17.8733,,7.3715,,
2017-08-04,17.8798,,7.373,,
2017-08-07,17.9641,,7.3775,,
2017-08-08,17.916,,7.3725,,
2017-08-09,17.9671,,7.378,,
2017-08-10,17.9073,,7.381,,
2017-08-11,17.847,,7.3811,,
2017-08-14,17.7755,,7.375,,
2017-08-15,17.8483,,7.3721,,
2017-08-16,17.716,,7.3785,,
2017-08-17,17.7324,,7.3781,,
2017-08-18,17.8584,,7.3762,,
2017-08-21,17.6501,,7.3799,,
2017-08-22,17.6458,,7.3775,,
2017-08-23,17.7113,,7.375,,
2017-08-24,17.6977,,7.3725,,
2017-08-25,17.6205,,7.37,,
2017-08-28,17.8049,,7.3725,,
2017-08-29,17.876,,7.3709,,
2017-08-30,17.7753,,7.3708,,
2017-08-31,17.8145,,7.3825,,
2017-09-01,17.7861,96.093515,7.378,106.322,11.28
2017-09-04,17.8683,,7.3768,,
2017-09-05,17.836,,7.3725,,
2017-09-06,17.8136,,7.3726,,
2017-09-07,17.6965,,7.3775,,
2017-09-08,17.7331,,7.369,,
2017-09-11,17.6443,,7.375,,
2017-09-12,17.781,,7.3725,,
2017-09-13,17.7836,,7.375,,
2017-09-14,17.7278,,7.37,,
2017-09-15,17.6857,,7.3765,,
2017-09-18,17.761,,7.375,,
2017-09-19,17.7643,,7.376,,
2017-09-20,17.7009,,7.3775,,
2017-09-21,17.8545,,7.3801,,
2017-09-22,17.7487,,7.3767,,
2017-09-25,17.8831,,7.3818,,
2017-09-26,17.9933,,7.3784,,
2017-09-27,18.13,,7.385,,
2017-09-28,18.1979,,7.38,,
2017-09-29,18.159,,7.3794,,
2017-10-01,,96.698269,,112.8484,11.4
2017-10-02,18.2337,,7.3725,,
2017-10-03,18.2113,,7.3725,,
2017-10-04,18.2282,,7.3675,,
2017-10-05,18.306,,7.3762,,
2017-10-06,18.5522,,7.3757,,
2017-10-09,18.6646,,7.3755,,
2017-10-10,18.6327,,7.3773,,
2017-10-11,18.718,,7.3798,,
2017-10-12,18.7631,,7.382,,
2017-10-13,18.9008,,7.3866,,
2017-10-16,19.0753,,7.38,,
2017-10-17,19.0117,,7.3765,,
2017-10-18,18.8869,,7.3825,,
2017-10-19,18.8248,,7.3875,,
2017-10-20,19.008,,7.385,,
2017-10-23,19.0489,,7.385,,
2017-10-24,19.2009,,7.3763,,
2017-10-25,19.077,,7.3805,,
2017-10-26,19.096,,7.3836,,
2017-10-27,19.1474,,7.38,,
2017-10-30,19.2188,,7.3725,,
2017-10-31,19.1478,,7.3825,,
2017-11-01,19.1241,97.695174,7.375,116.1788,11.97
2017-11-03,19.185,,7.3744,,
2017-11-06,19.0814,,7.3798,,
2017-11-07,19.1349,,7.3831,,
2017-11-08,19.0718,,7.3775,,
2017-11-09,19.09,,7.3838,,
2017-11-10,19.0526,,7.3834,,
2017-11-13,19.168,,7.3825,,
2017-11-14,19.1334,,7.377,,
2017-11-15,19.2268,,7.38,,
2017-11-16,19.1224,,7.3806,,
2017-11-17,18.9724,,7.3796,,
2017-11-21,18.8242,,7.3767,,
2017-11-22,18.74,,7.3735,,
2017-11-23,18.6041,,7.3714,,
2017-11-24,18.5379,,7.3832,,
2017-11-27,18.52,,7.3825,,
2017-11-28,18.5848,,7.3824,,
2017-11-29,18.519,,7.3825,,
2017-11-30,18.6229,,7.3875,,
2017-12-01,18.6399,98.272883,7.3911,113.9977,12.62
2017-12-04,18.642,,7.3855,,
2017-12-05,18.6958,,7.388,,
2017-12-06,18.8897,,7.3875,,
2017-12-07,18.9315,,7.3925,,
2017-12-08,18.9445,,7.3916,,
2017-12-11,18.974,,7.401,,
2017-12-13,19.1391,,7.4275,,
2017-12-14,19.1202,,7.45,,
2017-12-15,19.1289,,7.46,,
2017-12-18,19.0289,,7.595,,
2017-12-19,19.1913,,7.6004,,
2017-12-20,19.2291,,7.6069,,
2017-12-21,19.3962,,7.6109,,
2017-12-22,19.5848,,7.6177,,
2017-12-26,19.7223,,7.621,,
2017-12-27,19.7867,,7.624,,
2017-12-28,19.7354,,7.625,,
2017-12-29,19.6629,,7.6241,,
2018-01-01,,98.794999699501,,111.0148,8.44
2018-01-02,19.4899,,7.6311,,
2018-01-03,19.3717,,7.6275,,
2018-01-04,19.2427,,7.625,,
2018-01-05,19.2737,,7.625,,
2018-01-08,19.2323,,7.6292,,
2018-01-09,19.3065,,7.6282,,
2018-01-10,19.2405,,7.63,,
2018-01-11,19.3433,,7.6298,,
2018-01-12,19.0446,,7.6299,,
2018-01-15,18.8113,,7.6325,,
2018-01-16,18.8362,,7.6343,,
2018-01-17,18.655,,7.6287,,
2018-01-18,18.6361,,7.6334,,
2018-01-19,18.5813,,7.6318,,
2018-01-22,18.7118,,7.635,,
2018-01-23,18.798,,7.6428,,
2018-01-24,18.5178,,7.645,,
2018-01-25,18.478,,7.6475,,
2018-01-26,18.4672,,7.6441,,
2018-01-29,18.6196,,7.645,,
2018-01-30,18.6982,,7.655,,
2018-01-31,18.6069,,7.6625,,
2018-02-01,18.4004,99.17137448164,7.66,107.8102,8.49
2018-02-02,18.5248,,7.6643,,
2018-02-06,18.7009,,7.665,,
2018-02-07,18.6492,,7.675,,
2018-02-08,18.8815,,7.6862,,
2018-02-09,18.8623,,7.7056,,
2018-02-12,18.6703,,7.84,,
2018-02-13,18.6269,,7.84,,
2018-02-14,18.6025,,7.832,,
2018-02-15,18.5159,,7.835,,
2018-02-16,18.4797,,7.8325,,
2018-02-19,18.536,,7.825,,
2018-02-20,18.6594,,7.8125,,
2018-02-21,18.6518,,7.8312,,
2018-02-22,18.6574,,7.83,,
2018-02-23,18.5659,,7.8325,,
2018-02-26,18.6456,,7.825,,
2018-02-27,18.7902,,7.8331,,
2018-02-28,18.8331,,7.8315,,
2018-03-01,18.861,99.492156980588,7.8294,111.1976,8.03
2018-03-02,18.8909,,7.8244,,
2018-03-05,18.8838,,7.8316,,
2018-03-06,18.7246,,7.8225,,
2018-03-07,18.7922,,7.8299,,
2018-03-08,18.7148,,7.83,,
2018-03-09,18.5812,,7.8396,,
2018-03-12,18.6199,,7.8395,,
2018-03-13,18.5604,,7.825,,
2018-03-14,18.5854,,7.83,,
2018-03-15,18.7023,,7.83,,
2018-03-16,18.7216,,7.825,,
2018-03-20,18.7614,,7.8325,,
2018-03-21,18.6001,,7.8382,,
2018-03-22,18.5078,,7.8414,,
2018-03-23,18.5364,,7.8425,,
2018-03-26,18.3268,,7.8425,,
2018-03-27,18.3445,,7.8463,,
2018-03-28,18.2709,,7.8483,,
2018-04-01,,99.154847046097,,111.6007,7.07
2018-04-02,18.2967,,7.8503,,
2018-04-03,18.2044,,7.8493,,
2018-04-04,18.2244,,7.8475,,
2018-04-05,18.1081,,7.8445,,
2018-04-06,18.2888,,7.8525,,
2018-04-09,18.2753,,7.8441,,
2018-04-10,18.2882,,7.846,,
2018-04-11,18.2018,,7.8407,,
2018-04-12,18.1353,,7.8376,,
2018-04-13,18.087,,7.8445,,
2018-04-16,18.0394,,7.8404,,
2018-04-17,17.9787,,7.8456,,
2018-04-18,18.0333,,7.835,,
2018-04-19,18.2819,,7.835,,
2018-04-20,18.621,,7.8254,,
2018-04-23,18.8628,,7.8303,,
2018-04-24,18.8139,,7.825,,
2018-04-25,19.053,,7.8325,,
2018-04-26,18.8644,,7.8375,,
2018-04-27,18.6847,,7.8405,,
2018-04-30,18.7878,,7.8455,,
2018-05-01,,98.994080173087,,115.8273,6.99
2018-05-02,19.0943,,7.8508,,
2018-05-03,19.1223,,7.8448,,
2018-05-04,19.2017,,7.8428,,
2018-05-07,19.4232,,7.8428,,
2018-05-08,19.5781,,7.835,,
2018-05-09,19.5387,,7.835,,
2018-05-10,19.2989,,7.8425,,
2018-05-11,19.3539,,7.8375,,
2018-05-14,19.5214,,7.8359,,
2018-05-15,19.7854,,7.8475,,
2018-05-16,19.7094,,7.8488,,
2018-05-17,19.7033,,7.8475,,
2018-05-18,19.9319,,7.86,,
2018-05-21,19.9054,,7.8676,,
2018-05-22,19.7528,,7.8558,,
2018-05-23,19.7661,,7.8602,,
2018-05-24,19.7048,,7.862,,
2018-05-25,19.5608,,7.8612,,
2018-05-28,19.5915,,7.8662,,
2018-05-29,19.7499,,7.8585,,
2018-05-30,19.7322,,7.8587,,
2018-05-31,19.9759,,7.86,,
2018-06-01,19.8662,99.376464931787,7.855,114.4439,7.79
2018-06-04,19.9934,,7.85,,
2018-06-05,20.3863,,7.8529,,
2018-06-06,20.3129,,7.8546,,
2018-06-07,20.46,,7.864,,
2018-06-08,20.5281,,7.8729,,
2018-06-11,20.4722,,7.87,,
2018-06-12,20.596,,7.8721,,
2018-06-13,20.6259,,7.88,,
2018-06-14,20.6953,,7.8788,,
2018-06-15,20.716,,7.891,,
2018-06-18,20.6968,,7.8933,,
2018-06-19,20.5531,,7.9003,,
2018-06-20,20.3937,,7.8975,,
2018-06-21,20.3689,,7.9,,
2018-06-22,20.1264,,7.915,,
2018-06-25,20.0908,,8.07,,
2018-06-26,19.8754,,8.08,,
2018-06-27,20.0553,,8.09,,
2018-06-28,19.8633,,8.1,,
2018-06-29,19.6912,,8.103,,
2018-07-01,,99.909099104514,,112.802,8.38
2018-07-02,20.1453,,8.1004,,
2018-07-03,19.5974,,8.1,,
2018-07-04,19.4284,,8.108,,
2018-07-05,19.2513,,8.1079,,
2018-07-06,19.0719,,8.1083,,
2018-07-09,19.1563,,8.1068,,
2018-07-10,19.0559,,8.1075,,
2018-07-11,18.9632,,8.1025,,
2018-07-12,18.8241,,8.11,,
2018-07-13,18.8854,,8.105,,
2018-07-16,18.836,,8.105,,
2018-07-17,18.8763,,8.1067,,
2018-07-18,18.91,,8.11,,
2018-07-19,19.079,,8.11,,
2018-07-20,19.0694,,8.105,,
2018-07-23,19.0761,,8.1101,,
2018-07-24,18.8506,,8.1068,,
2018-07-25,18.7709,,8.1025,,
2018-07-26,18.6234,,8.0805,,
2018-07-27,18.5515,,8.095,,
2018-07-30,18.5413,,8.1,,
2018-07-31,18.6457,,8.105,,
2018-08-01,18.5899,100.492,8.1,114.3256,8.8
2018-08-02,18.6349,,8.1,,
2018-08-03,18.5725,,8.11,,
2018-08-06,18.5433,,8.105,,
2018-08-07,18.4631,,8.1075,,
2018-08-08,18.4542,,8.1075,,
2018-08-09,18.6511,,8.1002,,
2018-08-10,18.9273,,8.1041,,
2018-08-13,19.1801,,8.1035,,
2018-08-14,18.9973,,8.105,,
2018-08-15,19.2339,,8.1,,
2018-08-16,19.01,,8.105,,
2018-08-17,19.0615,,8.11,,
2018-08-20,19.0305,,8.11,,
2018-08-21,18.8784,,8.1064,,
2018-08-22,18.8176,,8.1075,,
2018-08-23,18.8672,,8.11,,
2018-08-24,18.8339,,8.1064,,
2018-08-27,18.6697,,8.112,,
2018-08-28,18.9354,,8.11,,
2018-08-29,19.0659,,8.1043,,
2018-08-30,19.1258,,8.11,,
2018-08-31,19.1792,,8.1038,,
2018-09-01,,100.917,,108.7683,9.15
2018-09-03,19.2137,,8.1086,,
2018-09-04,19.3609,,8.1018,,
2018-09-05,19.4433,,8.0988,,
2018-09-06,19.3546,,8.1075,,
2018-09-07,19.2394,,8.104,,
2018-09-10,19.2989,,8.1015,,
2018-09-11,19.268,,8.1149,,
2018-09-12,19.0511,,8.115,,
2018-09-13,18.8775,,8.1109,,
2018-09-14,18.8689,,8.1195,,
2018-09-17,18.8399,,8.12,,
2018-09-18,18.7694,,8.1165,,
2018-09-19,18.7672,,8.12,,
2018-09-20,18.8296,,8.1225,,
2018-09-21,18.8539,,8.1227,,
2018-09-24,18.8516,,8.12,,
2018-09-25,18.987,,8.12,,
2018-09-26,18.8986,,8.12,,
2018-09-27,18.812,,8.1225,,
2018-09-28,18.7231,,8.115,,
2018-10-01,18.6531,101.44,8.12,115.9615,8.5
2018-10-02,18.7503,,8.115,,
2018-10-03,18.8014,,8.11,,
2018-10-04,19.1328,,8.115,,
2018-10-05,18.9444,,8.1125,,
2018-10-08,18.9234,,8.1125,,
2018-10-09,19.0,,8.112,,
2018-10-10,19.1183,,8.1122,,
2018-10-11,19.0217,,8.1195,,
2018-10-12,18.9202,,8.1154,,
2018-10-15,18.8096,,8.1134,,
2018-10-16,18.7693,,8.12,,
2018-10-17,18.8012,,8.115,,
2018-10-18,19.1018,,8.115,,
2018-10-19,19.2183,,8.115,,
2018-10-22,19.3669,,8.1106,,
2018-10-23,19.4169,,8.1086,,
2018-10-24,19.4623,,8.115,,
2018-10-25,19.4383,,8.1125,,
2018-10-26,19.479,,8.1275,,
2018-10-29,19.8022,,8.1215,,
2018-10-30,20.0258,,8.14,,
2018-10-31,20.3177,,8.1539,,
2018-11-01,20.1329,102.303,8.1675,117.7269,8.07
2018-11-05,19.9636,,8.1724,,
2018-11-06,19.8609,,8.1651,,
2018-11-07,19.8245,,8.165,,
2018-11-08,20.0438,,8.175,,
2018-11-09,20.3614,,8.1825,,
2018-11-12,20.3179,,8.1887,,
2018-11-13,20.5158,,8.19,,
2018-11-14,20.3979,,8.1878,,
2018-11-15,20.3371,,8.1923,,
2018-11-16,20.155,,8.205,,
2018-11-20,20.4123,,8.3177,,
2018-11-21,20.2023,,8.3166,,
2018-11-22,20.2984,,8.3107,,
2018-11-23,20.3935,,8.3158,,
2018-11-26,20.5304,,8.32,,
2018-11-27,20.4977,,8.32,,
2018-11-28,20.4108,,8.335,,
2018-11-29,20.2217,,8.345,,
2018-11-30,20.3455,,8.3363,,
2018-12-01,,103.02,,113.1077,8.4
2018-12-03,20.2346,,8.3328,,
2018-12-04,20.5123,,8.33,,
2018-12-05,20.5672,,8.3438,,
2018-12-06,20.4705,,8.34,,
2018-12-07,20.2609,,8.335,,
2018-12-10,20.3621,,8.3472,,
2018-12-11,20.2889,,8.3411,,
2018-12-13,20.2566,,8.355,,
2018-12-14,20.3337,,8.35,,
2018-12-17,20.1126,,8.35,,
2018-12-18,20.1277,,8.3525,,
2018-12-19,20.0293,,8.365,,
2018-12-20,19.9082,,8.37,,
2018-12-21,19.9275,,8.3837,,
2018-12-24,19.8473,,8.5575,,
2018-12-26,19.8823,,8.5825,,
2018-12-27,19.6829,,8.575,,
2018-12-28,19.6566,,8.5892,,
2018-12-31,19.6512,,8.5956,,
2019-01-01,,103.108,,112.5239,6.81
2019-01-02,19.5878,,8.5897,,
2019-01-03,19.6073,,8.5988,,
2019-01-04,19.4902,,8.5938,,
2019-01-07,19.3208,,8.59,,
2019-01-08,19.3479,,8.5875,,
2019-01-09,19.2456,,8.5856,,
2019-01-10,19.1714,,8.585,,
2019-01-11,19.1236,,8.5841,,
2019-01-14,19.0064,,8.595,,
2019-01-15,19.0457,,8.595,,
2019-01-16,18.9908,,8.595,,
2019-01-17,19.063,,8.5925,,
2019-01-18,19.0844,,8.5831,,
2019-01-21,19.1902,,8.5925,,
2019-01-22,19.1297,,8.6,,
2019-01-23,19.0771,,8.595,,
2019-01-24,18.9859,,8.5996,,
2019-01-25,18.928,,8.5963,,
2019-01-28,19.0381,,8.595,,
2019-01-29,18.9972,,8.5944,,
2019-01-30,19.1623,,8.59,,
2019-01-31,19.0388,,8.5918,,
2019-02-01,19.1098,103.079,8.595,108.8447,5.25
2019-02-05,19.0824,,8.5875,,
2019-02-06,19.1058,,8.586,,
2019-02-07,19.08,,8.585,,
2019-02-08,19.0893,,8.585,,
2019-02-11,19.2524,,8.579,,
2019-02-12,19.2592,,8.5735,,
2019-02-13,19.4084,,8.5685,,
2019-02-14,19.3569,,8.561,,
2019-02-15,19.3625,,8.5575,,
2019-02-18,19.2578,,8.56,,
2019-02-19,19.1778,,8.5642,,
2019-02-20,19.1835,,8.5475,,
2019-02-21,19.2652,,8.535,,
2019-02-22,19.1394,,8.5399,,
2019-02-25,19.1185,,8.535,,
2019-02-26,19.163,,8.5408,,
2019-02-27,19.2201,,8.5354,,
2019-02-28,19.2607,,8.5365,,
2019-03-01,19.2978,103.476,8.535,112.2914,5.47
2019-03-04,19.3039,,8.5339,,
2019-03-05,19.2597,,8.5325,,
2019-03-06,19.3708,,8.52,,
2019-03-07,19.5225,,8.5265,,
2019-03-08,19.4902,,8.526,,
2019-03-11,19.4243,,8.526,,
2019-03-12,19.3049,,8.52,,
2019-03-13,19.332,,8.5125,,
2019-03-14,19.3233,,8.5151,,
2019-03-15,19.2176,,8.5156,,
2019-03-19,19.0004,,8.515,,
2019-03-20,18.9098,,8.5137,,
2019-03-21,18.8694,,8.5175,,
2019-03-22,19.1369,,8.5112,,
2019-03-25,19.0151,,8.5125,,
2019-03-26,19.0989,,8.5138,,
2019-03-27,19.3201,,8.5137,,
2019-03-28,19.3793,,8.51,,
2019-03-29,19.3779,,8.5099,,
2019-04-01,19.2169,103.531,8.515,109.8183,6.08
2019-04-02,19.2279,,8.51,,
2019-04-03,19.1805,,8.4962,,
2019-04-04,19.1728,,8.5,,
2019-04-05,19.0805,,8.5,,
2019-04-08,18.9701,,8.491,,
2019-04-09,18.9229,,8.4975,,
2019-04-10,18.836,,8.4925,,
2019-04-11,18.8432,,8.4925,,
2019-04-12,18.7719,,8.4925,,
2019-04-15,18.8489,,8.4925,,
2019-04-16,18.9516,,8.495,,
2019-04-17,18.848,,8.4925,,
2019-04-22,18.8359,,8.497,,
2019-04-23,18.9578,,8.495,,
2019-04-24,19.0046,,8.4975,,
2019-04-25,19.0942,,8.5,,
2019-04-26,18.9414,,8.5021,,
2019-04-29,19.012,,8.5043,,
2019-04-30,19.0099,,8.5,,
2019-05-01,,103.233,,115.24,5.78
2019-05-02,19.1014,,8.5,,
2019-05-03,19.0012,,8.5055,,
2019-05-06,18.9781,,8.5125,,
2019-05-07,19.0499,,8.5075,,
2019-05-08,19.0837,,8.5087,,
2019-05-09,19.2623,,8.511,,
2019-05-10,19.1374,,8.5043,,
2019-05-13,19.1928,,8.5062,,
2019-05-14,19.1427,,8.5061,,
2019-05-15,19.1236,,8.5075,,
2019-05-16,19.071,,8.5075,,
2019-05-17,19.1454,,8.505,,
2019-05-20,19.0908,,8.504,,
2019-05-21,19.0309,,8.5075,,
2019-05-22,18.9755,,8.5066,,
2019-05-23,19.0122,,8.5037,,
2019-05-24,19.0658,,8.5035,,
2019-05-27,19.0521,,8.5075,,
2019-05-28,19.1652,,8.5075,,
2019-05-29,19.2395,,8.5075,,
2019-05-30,19.0683,,8.5071,,
2019-05-31,19.6426,,8.5075,,
2019-06-01,,103.299,,112.8318,4.19
2019-06-03,19.7609,,8.5078,,
2019-06-04,19.6007,,8.5114,,
2019-06-05,19.5418,,8.527,,
2019-06-06,19.7084,,8.5143,,
2019-06-07,19.6528,,8.5139,,
2019-06-10,19.204,,8.5108,,
2019-06-11,19.1222,,8.51,,
2019-06-12,19.1383,,8.5125,,
2019-06-13,19.1645,,8.5116,,
2019-06-14,19.1487,,8.5105,,
2019-06-17,19.1924,,8.5105,,
2019-06-18,19.1011,,8.5098,,
2019-06-19,19.1753,,8.5088,,
2019-06-20,18.9804,,8.505,,
2019-06-21,19.0661,,8.5043,,
2019-06-24,19.1833,,8.5039,,
2019-06-25,19.2271,,8.4993,,
2019-06-26,19.1442,,8.4951,,
2019-06-27,19.1685,,8.495,,
2019-06-28,19.2087,,8.488,,
2019-07-01,19.076,103.687,8.4887,113.3746,3.64
2019-07-02,19.0694,,8.485,,
2019-07-03,19.0502,,8.475,,
2019-07-04,18.9947,,8.47,,
2019-07-05,19.0446,,8.4749,,
2019-07-08,18.9116,,8.475,,
2019-07-09,19.0043,,8.4787,,
2019-07-10,19.2425,,8.4763,,
2019-07-11,19.1227,,8.48,,
2019-07-12,19.0307,,8.4725,,
2019-07-15,18.9803,,8.475,,
2019-07-16,19.0781,,8.4725,,
2019-07-17,19.0233,,8.4725,,
2019-07-18,19.0108,,8.475,,
2019-07-19,19.0123,,8.475,,
2019-07-22,19.0659,,8.4775,,
2019-07-23,19.1315,,8.4775,,
2019-07-24,19.0894,,8.475,,
2019-07-25,19.0623,,8.4775,,
2019-07-26,19.0699,,8.474,,
2019-07-29,19.09,,8.47,,
2019-07-30,19.0747,,8.4675,,
2019-07-31,18.9929,,8.465,,
2019-08-01,19.1627,103.67,8.4589,113.2324,1.28
2019-08-02,19.3116,,8.4575,,
2019-08-05,19.5731,,8.4565,,
2019-08-06,19.6291,,8.4575,,
2019-08-07,19.6953,,8.4537,,
2019-08-08,19.5118,,8.4525,,
2019-08-09,19.4283,,8.449,,
2019-08-12,19.5803,,8.445,,
2019-08-13,19.463,,8.4405,,
2019-08-14,19.5763,,8.4355,,
2019-08-15,19.6365,,8.4325,,
2019-08-16,19.5669,,8.4262,,
2019-08-19,19.8153,,8.28,,
2019-08-20,19.7522,,8.285,,
2019-08-21,19.6798,,8.2825,,
2019-08-22,19.7467,,8.282,,
2019-08-23,19.8402,,8.2785,,
2019-08-26,19.9086,,8.2775,,
2019-08-27,19.9934,,8.275,,
2019-08-28,20.0314,,8.275,,
2019-08-29,20.0988,,8.2725,,
2019-08-30,20.0696,,8.2625,,
2019-09-01,,103.942,,108.8541,0.71
2019-09-02,20.1253,,8.26,,
2019-09-03,20.0039,,8.2525,,
2019-09-04,19.7806,,8.24,,
2019-09-05,19.6834,,8.235,,
2019-09-06,19.5623,,8.223,,
2019-09-09,19.5398,,8.2225,,
2019-09-10,19.5354,,8.2225,,
2019-09-11,19.5478,,8.2175,,
2019-09-12,19.4265,,8.21,,
2019-09-13,19.3665,,8.207,,
2019-09-17,19.4262,,8.2,,
2019-09-18,19.3528,,8.1985,,
2019-09-19,19.3981,,8.195,,
2019-09-20,19.4478,,8.19,,
2019-09-23,19.4459,,8.185,,
2019-09-24,19.4587,,8.1825,,
2019-09-25,19.5775,,8.1675,,
2019-09-26,19.6363,,8.1625,,
2019-09-27,19.6808,,8.1312,,
2019-09-30,19.7345,,8.04,,
2019-10-01,19.7792,104.503,8.0275,115.3639,1.01
2019-10-02,19.7985,,8.015,,
2019-10-03,19.7368,,8.015,,
2019-10-04,19.5255,,8.0075,,
2019-10-07,19.5522,,8.005,,
2019-10-08,19.584,,8.0025,,
2019-10-09,19.5689,,8.0012,,
2019-10-10,19.4764,,8.005,,
2019-10-11,19.3217,,8.005,,
2019-10-14,19.2652,,8.0025,,
2019-10-15,19.252,,7.9987,,
2019-10-16,19.2135,,7.9975,,
2019-10-17,19.1602,,7.9975,,
2019-10-18,19.1492,,7.995,,
2019-10-21,19.1422,,7.9962,,
2019-10-22,19.105,,7.9931,,
2019-10-23,19.1258,,7.9975,,
2019-10-24,19.0878,,7.9935,,
2019-10-25,19.082,,7.9915,,
2019-10-28,19.0543,,7.9857,,
2019-10-29,19.1167,,7.985,,
2019-10-30,19.1643,,7.98,,
2019-10-31,19.1948,,7.9705,,
2019-11-01,19.1058,105.346,7.9625,116.2635,0.98
2019-11-04,19.1525,,7.96,,
2019-11-05,19.2125,,7.955,,
2019-11-06,19.1953,,7.9525,,
2019-11-07,19.1327,,7.947,,
2019-11-08,19.1068,,7.945,,
2019-11-11,19.109,,7.945,,
2019-11-12,19.2178,,7.9412,,
2019-11-13,19.4543,,7.9325,,
2019-11-14,19.4228,,7.9212,,
2019-11-15,19.2063,,7.8913,,
2019-11-19,19.3687,,7.8025,,
2019-11-20,19.48,,7.795,,
2019-11-21,19.4138,,7.7925,,
2019-11-22,19.3987,,7.79,,
2019-11-25,19.4468,,7.7875,,
2019-11-26,19.5185,,7.7837,,
2019-11-27,19.5607,,7.785,,
2019-11-28,19.6113,,7.7825,,
2019-11-29,19.5352,,7.7812,,
2019-12-01,,105.934,,113.3596,0.59
2019-12-02,19.5717,,7.7804,,
2019-12-03,19.5678,,7.7802,,
2019-12-04,19.4707,,7.7801,,
2019-12-05,19.3688,,7.775,,
2019-12-06,19.3247,,7.7725,,
2019-12-09,19.2302,,7.771,,
2019-12-10,19.2362,,7.746,,
2019-12-11,19.1785,,7.75,,
2019-12-13,19.0455,,7.7425,,
2019-12-16,18.9702,,7.7412,,
2019-12-17,18.9165,,7.7401,,
2019-12-18,18.9542,,7.73,,
2019-12-19,18.964,,7.72,,
2019-12-20,18.9133,,7.7095,,
2019-12-23,18.9385,,7.58,,
2019-12-24,18.9643,,7.5675,,
2019-12-26,18.9445,,7.565,,
2019-12-27,18.8452,,7.5625,,
2019-12-30,18.8727,,7.5615,,
2019-12-31,18.8642,,7.5555,,
2020-01-01,,106.447,,112.3486,1.81
2020-01-02,18.8817,,7.555,,
2020-01-03,18.8673,,7.5525,,
2020-01-06,18.827,,7.5495,,
2020-01-07,18.8852,,7.5475,,
2020-01-08,18.798,,7.545,,
2020-01-09,18.8453,,7.5425,,
2020-01-10,18.7732,,7.5425,,
2020-01-13,18.8215,,7.5402,,
2020-01-14,18.812,,7.5381,,
2020-01-15,18.8077,,7.5375,,
2020-01-16,18.793,,7.53,,
2020-01-17,18.7388,,7.525,,
2020-01-20,18.6725,,7.53,,
2020-01-21,18.7007,,7.525,,
2020-01-22,18.6883,,7.5225,,
2020-01-23,18.8018,,7.5215,,
2020-01-24,18.8313,,7.5225,,
2020-01-27,18.9407,,7.5202,,
2020-01-28,18.8022,,7.51,,
2020-01-29,18.7067,,7.5065,,
2020-01-30,18.7853,,7.5025,,
2020-01-31,18.9082,,7.5002,,
2020-02-01,,106.889,,108.8299,3.81
2020-02-04,18.6797,,7.4951,,
2020-02-05,18.6245,,7.4937,,
2020-02-06,18.6645,,7.4925,,
2020-02-07,18.7763,,7.4915,,
2020-02-10,18.7653,,7.4892,,
2020-02-11,18.674,,7.4875,,
2020-02-12,18.6308,,7.4837,,
2020-02-13,18.6458,,7.4812,,
2020-02-14,18.5712,,7.45,,
2020-02-17,18.5715,,7.33,,
2020-02-18,18.5952,,7.315,,
2020-02-19,18.591,,7.31,,
2020-02-20,18.7992,,7.305,,
2020-02-21,18.9138,,7.3012,,
2020-02-24,19.1197,,7.303,,
2020-02-25,19.0878,,7.3015,,
2020-02-26,19.1585,,7.3,,
2020-02-27,19.3973,,7.295,,
2020-02-28,19.776,,7.295,,
2020-03-01,,106.838,,110.0044,2.19
2020-03-02,19.6985,,7.2925,,
2020-03-03,19.2837,,7.2812,,
2020-03-04,19.5335,,7.265,,
2020-03-05,19.8095,,7.2525,,
2020-03-06,20.1623,,7.2412,,
2020-03-09,21.1117,,7.235,,
2020-03-10,21.0267,,7.2275,,
2020-03-11,21.213,,7.2262,,
2020-03-12,22.1518,,7.2175,,
2020-03-13,21.9288,,7.2187,,
2020-03-17,23.0573,,7.217,,
2020-03-18,23.9008,,7.21,,
2020-03-19,24.0868,,7.2075,,
2020-03-20,24.1113,,7.205,,
2020-03-23,25.0782,,7.2025,,
2020-03-24,25.1185,,6.815,,
2020-03-25,24.2948,,6.785,,
2020-03-26,23.097,,6.7675,,
2020-03-27,23.5122,,6.7587,,
2020-03-30,24.2853,,6.7487,,
2020-03-31,23.4847,,6.74,,
2020-04-01,24.4918,105.755,6.71,88.2671,-1.96
2020-04-02,24.1087,,6.7025,,
2020-04-03,24.6938,,6.7,,
2020-04-06,24.6895,,6.69,,
2020-04-07,24.0388,,6.685,,
2020-04-08,24.0925,,6.6775,,
2020-04-13,23.7427,,6.6487,,
2020-04-14,23.5645,,6.6418,,
2020-04-15,24.1155,,6.6385,,
2020-04-16,24.2098,,6.6292,,
2020-04-17,23.9012,,6.6196,,
2020-04-20,24.0077,,6.6142,,
2020-04-21,24.4248,,6.6115,,
2020-04-22,24.5883,,6.607,,
2020-04-23,24.623,,6.2725,,
2020-04-24,24.8583,,6.2662,,
2020-04-27,24.8492,,6.2645,,
2020-04-28,24.3882,,6.2607,,
2020-04-29,24.0002,,6.2592,,
2020-04-30,23.9283,,6.256,,
2020-05-01,,106.162,,89.0093,0.35
2020-05-04,24.3812,,6.2475,,
2020-05-05,23.8343,,6.245,,
2020-05-06,24.2942,,6.2425,,
2020-05-07,24.0563,,6.241,,
2020-05-08,23.6805,,6.2395,,
2020-05-11,23.8693,,6.2357,,
2020-05-12,24.0487,,6.2315,,
2020-05-13,24.2113,,6.2277,,
2020-05-14,24.2708,,6.196,,
2020-05-15,23.958,,6.1772,,
2020-05-18,23.6032,,5.78,,
2020-05-19,23.6023,,5.7775,,
2020-05-20,23.2962,,5.7727,,
2020-05-21,22.96,,5.7688,,
2020-05-22,22.7928,,5.7644,,
2020-05-25,22.563,,5.7622,,
2020-05-26,22.2932,,5.755,,
2020-05-27,22.3633,,5.7525,,
2020-05-28,22.204,,5.7482,,
2020-05-29,22.1778,,5.7441,,
2020-06-01,22.0168,106.743,5.7395,97.9551,2.16
2020-06-02,21.6827,,5.7347,,
2020-06-03,21.6043,,5.7325,,
2020-06-04,21.8388,,5.7286,,
2020-06-05,21.5837,,5.7229,,
2020-06-08,21.6552,,5.7089,,
2020-06-09,21.7252,,5.696,,
2020-06-10,21.923,,5.6924,,
2020-06-11,22.4252,,5.685,,
2020-06-12,22.3347,,5.681,,
2020-06-15,22.5435,,5.6765,,
2020-06-16,22.2168,,5.673,,
2020-06-17,22.2783,,5.671,,
2020-06-18,22.6088,,5.6655,,
2020-06-19,22.63,,5.661,,
2020-06-22,22.4413,,5.656,,
2020-06-23,22.413,,5.655,,
2020-06-24,22.6662,,5.6505,,
2020-06-25,22.7963,,5.6452,,
2020-06-26,22.9715,,5.6101,,
2020-06-29,23.1325,,5.2975,,
2020-06-30,23.0893,,5.2887,,
2020-07-01,22.8078,107.444,5.2843,102.4216,2.92
2020-07-02,22.5225,,5.2665,,
2020-07-03,22.4147,,5.26,,
2020-07-06,22.2808,,5.2562,,
2020-07-07,22.6213,,5.255,,
2020-07-08,22.8225,,5.2505,,
2020-07-09,22.6945,,5.2457,,
2020-07-10,22.5342,,5.243,,
2020-07-13,22.4633,,5.2385,,
2020-07-14,22.6173,,5.2372,,
2020-07-15,22.3647,,5.235,,
2020-07-16,22.3032,,5.2305,,
2020-07-17,22.4897,,5.2292,,
2020-07-20,22.6278,,5.225,,
2020-07-21,22.3597,,5.2225,,
2020-07-22,22.251,,5.219,,
2020-07-23,22.3627,,5.2175,,
2020-07-24,22.3842,,5.2075,,
2020-07-27,22.0275,,5.204,,
2020-07-28,21.9615,,5.2042,,
2020-07-29,21.9907,,5.2,,
2020-07-30,22.1727,,5.1975,,
2020-07-31,22.2012,,5.195,,
2020-08-01,,107.867,,102.8383,4.3
2020-08-03,22.614,,5.1925,,
2020-08-04,22.7845,,5.1877,,
2020-08-05,22.4068,,5.184,,
2020-08-06,22.3652,,5.178,,
2020-08-07,22.4892,,5.174,,
2020-08-10,22.485,,5.1702,,
2020-08-11,22.349,,5.1687,,
2020-08-12,22.3457,,5.1668,,
2020-08-13,22.2628,,5.1359,,
2020-08-14,22.0313,,5.1292,,
2020-08-17,22.057,,4.8036,,
2020-08-18,22.1535,,4.797,,
2020-08-19,22.0527,,4.7935,,
2020-08-20,22.176,,4.7895,,
2020-08-21,22.0362,,4.7875,,
2020-08-24,21.984,,4.7845,,
2020-08-25,21.9723,,4.7792,,
2020-08-26,21.9202,,4.7775,,
2020-08-27,22.1168,,4.775,,
2020-08-28,21.8602,,4.7725,,
2020-08-31,21.888,,4.769,,
2020-09-01,21.7445,108.114,4.7677,103.5121,4.1
2020-09-02,21.8393,,4.764,,
2020-09-03,21.6383,,4.762,,
2020-09-04,21.6115,,4.7585,,
2020-09-07,21.5887,,4.7602,,
2020-09-08,21.7138,,4.7576,,
2020-09-09,21.5377,,4.753,,
2020-09-10,21.2773,,4.7522,,
2020-09-11,21.321,,4.7512,,
2020-09-14,21.0728,,4.7507,,
2020-09-15,21.0692,,4.746,,
2020-09-17,20.985,,4.7422,,
2020-09-18,20.9697,,4.7415,,
2020-09-21,21.505,,4.7367,,
2020-09-22,21.5682,,4.7335,,
2020-09-23,22.0897,,4.7325,,
2020-09-24,22.3678,,4.729,,
2020-09-25,22.4402,,4.7275,,
2020-09-28,22.4573,,4.5605,,
2020-09-29,22.3598,,4.55,,
2020-09-30,22.1438,,4.5495,,
2020-10-01,21.9562,108.774,4.5485,109.4585,4.42
2020-10-02,21.7025,,4.5487,,
2020-10-05,21.396,,4.5445,,
2020-10-06,21.4507,,4.5425,,
2020-10-07,21.493,,4.543,,
2020-10-08,21.4318,,4.5425,,
2020-10-09,21.1822,,4.5425,,
2020-10-12,21.2183,,4.539,,
2020-10-13,21.3677,,4.5345,,
2020-10-14,21.2998,,4.537,,
2020-10-15,21.3832,,4.5357,,
2020-10-16,21.1765,,4.531,,
2020-10-19,21.1342,,4.5306,,
2020-10-20,21.0902,,4.5255,,
2020-10-21,21.064,,4.525,,
2020-10-22,21.03,,4.525,,
2020-10-23,20.9205,,4.5207,,
2020-10-26,20.9818,,4.5222,,
2020-10-27,20.8798,,4.5225,,
2020-10-28,21.1648,,4.5215,,
2020-10-29,21.377,,4.5162,,
2020-10-30,21.2508,,4.5155,,
2020-11-01,,108.856,,111.3258,2.33
2020-11-03,21.1555,,4.5125,,
2020-11-04,21.0345,,4.516,,
2020-11-05,20.7612,,4.511,,
2020-11-06,20.62,,4.506,,
2020-11-09,20.36,,4.503,,
2020-11-10,20.4018,,4.5,,
2020-11-11,20.5772,,4.5007,,
2020-11-12,20.5303,,4.4987,,
2020-11-13,20.4833,,4.493,,
2020-11-17,20.3212,,4.505,,
2020-11-18,20.2388,,4.5025,,
2020-11-19,20.1858,,4.4985,,
2020-11-20,20.1172,,4.4952,,
2020-11-23,20.1012,,4.4925,,
2020-11-24,20.0577,,4.4925,,
2020-11-25,20.0465,,4.49,,
2020-11-26,20.0467,,4.4875,,
2020-11-27,20.0777,,4.4835,,
2020-11-30,20.1398,,4.4855,,
2020-12-01,20.0508,109.271,4.4872,111.1931,1.18
2020-12-02,20.0497,,4.4885,,
2020-12-03,19.9083,,4.4889,,
2020-12-04,19.7838,,4.4845,,
2020-12-07,19.8213,,4.4825,,
2020-12-08,19.7537,,4.4825,,
2020-12-09,19.8368,,4.4819,,
2020-12-10,19.9572,,4.4775,,
2020-12-11,20.1075,,4.4782,,
2020-12-14,20.1778,,4.4775,,
2020-12-15,20.1113,,4.4745,,
2020-12-16,19.9513,,4.471,,
2020-12-17,19.8173,,4.5,,
2020-12-18,19.9487,,4.4965,,
2020-12-21,20.0905,,4.494,,
2020-12-22,20.0562,,4.495,,
2020-12-23,20.1175,,4.4922,,
2020-12-24,19.8517,,4.4882,,
2020-12-28,20.0477,,4.4878,,
2020-12-29,19.9487,,4.4875,,
2020-12-30,19.9352,,4.485,,
2020-12-31,19.9087,,4.4842,,
2021-01-01,,110.21,,105.5457,2.63
2021-01-04,19.8457,,4.4805,,
2021-01-05,19.9437,,4.481,,
2021-01-06,19.725,,4.4812,,
2021-01-07,19.91,,4.4776,,
2021-01-08,19.9705,,4.4775,,
2021-01-11,20.113,,4.4775,,
2021-01-12,19.9373,,4.475,,
2021-01-13,19.7935,,4.4716,,
2021-01-14,19.7793,,4.47,,
2021-01-15,19.7875,,4.4677,,
2021-01-18,19.757,,4.4675,,
2021-01-19,19.6788,,4.4655,,
2021-01-20,19.5793,,4.4667,,
2021-01-21,19.7393,,4.4637,,
2021-01-22,19.9833,,4.4615,,
2021-01-25,20.1598,,4.4615,,
2021-01-26,20.0152,,4.4592,,
2021-01-27,20.2168,,4.4565,,
2021-01-28,20.2697,,4.4542,,
2021-01-29,20.2248,,4.452,,
2021-02-01,,110.907,,102.8029,3.43
2021-02-02,20.1722,,4.45,,
2021-02-03,20.1953,,4.4504,,
2021-02-04,20.4435,,4.4477,,
2021-02-05,20.1388,,4.4465,,
2021-02-08,20.1227,,4.4437,,
2021-02-09,20.0913,,4.4425,,
2021-02-10,20.0588,,4.442,,
2021-02-11,19.9535,,4.4415,,
2021-02-12,19.9622,,4.449,,
2021-02-15,19.9518,,4.2948,,
2021-02-16,20.2023,,4.2925,,
2021-02-17,20.2257,,4.2915,,
2021-02-18,20.4165,,4.289,,
2021-02-19,20.4222,,4.2875,,
2021-02-22,20.6783,,4.2865,,
2021-02-23,20.5833,,4.2875,,
2021-02-24,20.4752,,4.2862,,
2021-02-25,20.8523,,4.2831,,
2021-02-26,20.939,,4.2825,,
2021-03-01,20.6123,111.824,4.2812,111.5186,6.31
2021-03-02,20.6903,,4.2825,,
2021-03-03,20.8957,,4.2813,,
2021-03-04,20.8498,,4.2825,,
2021-03-05,21.2635,,4.2825,,
2021-03-08,21.4177,,4.282,,
2021-03-09,21.2575,,4.285,,
2021-03-10,20.9853,,4.284,,
2021-03-11,20.7133,,4.2845,,
2021-03-12,20.7637,,4.2845,,
2021-03-16,20.5753,,4.283,,
2021-03-17,20.6828,,4.2825,,
2021-03-18,20.4415,,4.2812,,
2021-03-19,20.4823,,4.2812,,
2021-03-22,20.5788,,4.285,,
2021-03-23,20.6408,,4.2837,,
2021-03-24,20.7882,,4.2825,,
2021-03-25,20.7662,,4.2825,,
2021-03-26,20.5677,,4.283,,
2021-03-29,20.6047,,4.2862,,
2021-03-30,20.6025,,4.285,,
2021-03-31,20.44,,4.2875,,
2021-04-01,,112.19,,107.8349,12.34
2021-04-05,20.2483,,4.2875,,
2021-04-06,20.1612,,4.288,,
2021-04-07,20.1765,,4.2885,,
2021-04-08,20.089,,4.2875,,
2021-04-09,20.163,,4.2875,,
2021-04-12,20.095,,4.2885,,
2021-04-13,20.0735,,4.2875,,
2021-04-14,20.0583,,4.2885,,
2021-04-15,19.927,,4.285,,
2021-04-16,19.9158,,4.2831,,
2021-04-19,19.8145,,4.2815,,
2021-04-20,19.8877,,4.2825,,
2021-04-21,19.874,,4.2829,,
2021-04-22,19.8865,,4.281,,
2021-04-23,19.8695,,4.281,,
2021-04-26,19.8362,,4.2825,,
2021-04-27,19.9785,,4.281,,
2021-04-28,19.9712,,4.281,,
2021-04-29,20.0978,,4.281,,
2021-04-30,20.1822,,4.283,,
2021-05-01,,112.419,,111.1768,10.76
2021-05-03,20.1902,,4.285,,
2021-05-04,20.2235,,4.2852,,
2021-05-05,20.2077,,4.286,,
2021-05-06,20.1838,,4.284,,
2021-05-07,19.9223,,4.2837,,
2021-05-10,19.886,,4.2837,,
2021-05-11,19.8848,,4.285,,
2021-05-12,20.094,,4.2875,,
2021-05-13,20.0495,,4.2872,,
2021-05-14,19.8487,,4.2897,,
2021-05-17,19.8028,,4.29,,
2021-05-18,19.8313,,4.2892,,
2021-05-19,19.8143,,4.289,,
2021-05-20,19.881,,4.2885,,
2021-05-21,19.951,,4.2745,,
2021-05-24,19.872,,4.2815,,
2021-05-25,19.8903,,4.2824,,
2021-05-26,19.8783,,4.2815,,
2021-05-27,19.9487,,4.285,,
2021-05-28,19.9442,,4.285,,
2021-05-31,19.9213,,4.284,,
2021-06-01,19.8927,113.018,4.283,110.8035,10.0
2021-06-02,19.9277,,4.2825,,
2021-06-03,20.0605,,4.2825,,
2021-06-04,19.9328,,4.281,,
2021-06-07,19.797,,4.2822,,
2021-06-08,19.7728,,4.2815,,
2021-06-09,19.6897,,4.285,,
2021-06-10,19.7002,,4.2827,,
2021-06-11,19.8823,,4.282,,
2021-06-14,19.9065,,4.285,,
2021-06-15,20.1235,,4.2859,,
2021-06-16,20.0588,,4.2875,,
2021-06-17,20.4292,,4.285,,
2021-06-18,20.7002,,4.2855,,
2021-06-21,20.6,,4.2856,,
2021-06-22,20.5712,,4.285,,
2021-06-23,20.2505,,4.285,,
2021-06-24,20.0483,,4.2827,,
2021-06-25,19.793,,4.2863,,
2021-06-28,19.8027,,4.52,,
2021-06-29,19.8157,,4.53,,
2021-06-30,19.9062,,4.5292,,
2021-07-01,20.0368,113.682,4.529,109.2146,9.39
2021-07-02,19.8817,,4.529,,
2021-07-05,19.8532,,4.5265,,
2021-07-06,19.9658,,4.5265,,
2021-07-07,19.9915,,4.5245,,
2021-07-08,20.007,,4.524,,
2021-07-09,19.88,,4.5235,,
2021-07-12,19.8577,,4.525,,
2021-07-13,19.9988,,4.524,,
2021-07-14,19.8992,,4.5225,,
2021-07-15,19.9412,,4.5245,,
2021-07-16,19.8537,,4.5227,,
2021-07-19,20.0,,4.5215,,
2021-07-20,20.1348,,4.5215,,
2021-07-21,20.1907,,4.4922,,
2021-07-22,20.1812,,4.5055,,
2021-07-23,20.0238,,4.514,,
2021-07-26,20.0245,,4.514,,
2021-07-27,19.977,,4.513,,
2021-07-28,19.9535,,4.5125,,
2021-07-29,19.8448,,4.515,,
2021-07-30,19.8455,,4.5142,,
2021-08-01,,113.899,,106.9094,8.14
2021-08-02,19.852,,4.5135,,
2021-08-03,19.892,,4.5125,,
2021-08-04,19.9547,,4.514,,
2021-08-05,19.9293,,4.5125,,
2021-08-06,20.0037,,4.5133,,
2021-08-09,20.0648,,4.5115,,
2021-08-10,20.1038,,4.5125,,
2021-08-11,19.953,,4.5147,,
2021-08-12,19.8907,,4.52,,
2021-08-13,19.8603,,4.5315,,
2021-08-16,19.8863,,4.7525,,
2021-08-17,19.9912,,4.7532,,
2021-08-18,20.0107,,4.7528,,
2021-08-19,20.1175,,4.755,,
2021-08-20,20.402,,4.7575,,
2021-08-23,20.3907,,4.7587,,
2021-08-24,20.2967,,4.755,,
2021-08-25,20.2933,,4.7544,,
2021-08-26,20.3522,,4.7545,,
2021-08-27,20.2293,,4.7502,,
2021-08-30,20.1403,,4.75,,
2021-08-31,20.0605,,4.751,,
2021-09-01,19.9615,114.601,4.749,104.2055,9.37
2021-09-02,19.9703,,4.7502,,
2021-09-03,19.8992,,4.7455,,
2021-09-06,19.8878,,4.7425,,
2021-09-07,19.944,,4.7436,,
2021-09-08,19.9383,,4.7471,,
2021-09-09,19.9318,,4.7485,,
2021-09-10,19.8717,,4.7445,,
2021-09-13,19.8677,,4.745,,
2021-09-14,19.9035,,4.7425,,
2021-09-15,19.9003,,4.745,,
2021-09-17,19.9853,,4.745,,
2021-09-20,20.1735,,4.745,,
2021-09-21,20.1438,,4.744,,
2021-09-22,20.0328,,4.7445,,
2021-09-23,20.028,,4.7475,,
2021-09-24,20.1118,,4.7475,,
2021-09-27,20.1052,,4.7465,,
2021-09-28,20.306,,4.7475,,
2021-09-29,20.4977,,4.7487,,
2021-09-30,20.5623,,4.749,,
2021-10-01,20.5103,115.561,4.7515,108.2491,9.47
2021-10-04,20.5747,,4.965,,
2021-10-05,20.5818,,4.9825,,
2021-10-06,20.6947,,4.985,,
2021-10-07,20.604,,4.9875,,
2021-10-08,20.7293,,4.9825,,
2021-10-11,20.8017,,4.985,,
2021-10-12,20.7767,,4.9862,,
2021-10-13,20.6827,,4.9825,,
2021-10-14,20.6075,,4.9857,,
2021-10-15,20.4672,,4.9806,,
2021-10-18,20.3587,,4.9855,,
2021-10-19,20.2647,,4.9875,,
2021-10-20,20.185,,4.9825,,
2021-10-21,20.2643,,4.9825,,
2021-10-22,20.1837,,4.9912,,
2021-10-25,20.1897,,4.9925,,
2021-10-26,20.1888,,4.995,,
2021-10-27,20.193,,4.995,,
2021-10-28,20.3255,,4.995,,
2021-10-29,20.5297,,4.9962,,
2021-11-01,20.8598,116.884,4.9975,112.5345,12.61
2021-11-03,20.8352,,5.0004,,
2021-11-04,20.6242,,5.0022,,
2021-11-05,20.3925,,4.9754,,
2021-11-08,20.3265,,4.9902,,
2021-11-09,20.2833,,4.995,,
2021-11-10,20.4702,,4.9975,,
2021-11-11,20.4652,,4.9987,,
2021-11-12,20.5072,,5.001,,
2021-11-16,20.8092,,5.22,,
2021-11-17,20.6912,,5.23,,
2021-11-18,20.7628,,5.229,,
2021-11-19,20.8283,,5.2335,,
2021-11-22,20.9632,,5.2362,,
2021-11-23,21.2107,,5.2368,,
2021-11-24,21.4357,,5.2375,,
2021-11-25,21.5462,,5.235,,
2021-11-26,21.8185,,5.235,,
2021-11-29,21.7333,,5.2325,,
2021-11-30,21.4453,,5.2275,,
2021-12-01,21.271,117.308,5.2275,112.6537,11.74
2021-12-02,21.3033,,5.231,,
2021-12-03,21.4177,,5.2315,,
2021-12-06,21.2047,,5.227,,
2021-12-07,21.0907,,5.2325,,
2021-12-08,20.933,,5.2372,,
2021-12-09,21.0328,,5.235,,
2021-12-10,20.8922,,5.24,,
2021-12-13,20.9383,,5.2362,,
2021-12-14,21.165,,5.2377,,
2021-12-15,21.2393,,5.2389,,
2021-12-16,20.9238,,5.2382,,
2021-12-17,20.7337,,5.2491,,
2021-12-20,20.7363,,5.7,,
2021-12-21,20.7823,,5.71,,
2021-12-22,20.7527,,5.71,,
2021-12-23,20.6582,,5.712,,
2021-12-24,20.6112,,5.7122,,
2021-12-27,20.6828,,5.7135,,
2021-12-28,20.577,,5.714,,
2021-12-29,20.5835,,5.7157,,
2021-12-30,20.5157,,5.715,,
2021-12-31,20.4672,,5.715,,
2022-01-01,,118.002,,107.229,9.68
2022-01-03,20.589,,5.715,,
2022-01-04,20.4742,,5.7175,,
2022-01-05,20.3977,,5.7165,,
2022-01-06,20.4588,,5.718,,
2022-01-07,20.4237,,5.7185,,
2022-01-10,20.4453,,5.719,,
2022-01-11,20.3785,,5.719,,
2022-01-12,20.366,,5.721,,
2022-01-13,20.3607,,5.7225,,
2022-01-14,20.3118,,5.7225,,
2022-01-17,20.3002,,5.7215,,
2022-01-18,20.403,,5.722,,
2022-01-19,20.46,,5.7225,,
2022-01-20,20.4507,,5.7262,,
2022-01-21,20.4598,,5.728,,
2022-01-24,20.6308,,5.7277,,
2022-01-25,20.6683,,5.7298,,
2022-01-26,20.6415,,5.7319,,
2022-01-27,20.7383,,5.733,,
2022-01-28,20.8597,,5.733,,
2022-01-31,20.6352,,5.734,,
2022-02-01,20.58,118.981,5.7365,105.5401,9.34
2022-02-02,20.6003,,5.738,,
2022-02-03,20.5562,,5.739,,
2022-02-04,20.7325,,5.7415,,
2022-02-08,20.6413,,5.742,,
2022-02-09,20.5008,,5.745,,
2022-02-10,20.4148,,5.745,,
2022-02-11,20.4188,,5.7537,,
2022-02-14,20.411,,6.2012,,
2022-02-15,20.3992,,6.2256,,
2022-02-16,20.3335,,6.2325,,
2022-02-17,20.2978,,6.2375,,
2022-02-18,20.3063,,6.2325,,
2022-02-21,20.2825,,6.2275,,
2022-02-22,20.2977,,6.225,,
2022-02-23,20.2435,,6.225,,
2022-02-24,20.6525,,6.221,,
2022-02-25,20.4465,,6.228,,
2022-02-28,20.4257,,6.234,,
2022-03-01,20.5272,120.159,6.2367,112.2594,9.45
2022-03-02,20.7193,,6.2395,,
2022-03-03,20.7033,,6.241,,
2022-03-04,20.9262,,6.2362,,
2022-03-07,21.1947,,6.2315,,
2022-03-08,21.3775,,6.23,,
2022-03-09,20.9677,,6.23,,
2022-03-10,20.9743,,6.235,,
2022-03-11,20.9695,,6.2375,,
2022-03-14,20.8908,,6.2375,,
2022-03-15,20.8743,,6.2425,,
2022-03-16,20.7035,,6.2487,,
2022-03-17,20.5585,,6.2523,,
2022-03-18,20.4145,,6.26,,
2022-03-22,20.2782,,6.2625,,
2022-03-23,20.18,,6.275,,
2022-03-24,20.1313,,6.2825,,
2022-03-25,19.9577,,6.2912,,
2022-03-28,20.1195,,6.7175,,
2022-03-29,19.9942,,6.7237,,
2022-03-30,19.8632,,6.7265,,
2022-03-31,19.9112,,6.7265,,
2022-04-01,19.8432,120.809,6.7225,109.6186,9.07
2022-04-04,19.7443,,6.721,,
2022-04-05,19.9012,,6.7225,,
2022-04-06,20.0665,,6.721,,
2022-04-07,20.1605,,6.7255,,
2022-04-08,20.12,,6.7277,,
2022-04-11,20.0093,,6.7285,,
2022-04-12,19.8407,,6.726,,
2022-04-13,19.7967,,6.73,,
2022-04-18,19.9377,,6.7345,,
2022-04-19,20.0447,,6.737,,
2022-04-20,20.0383,,6.7304,,
2022-04-21,20.1802,,6.73,,
2022-04-22,20.3183,,6.735,,
2022-04-25,20.2992,,6.7325,,
2022-04-26,20.356,,6.74,,
2022-04-27,20.4707,,6.745,,
2022-04-28,20.567,,6.745,,
2022-04-29,20.3728,,6.7506,,
2022-05-01,,121.022,,114.2141,8.77
2022-05-02,20.4075,,6.7525,,
2022-05-03,20.335,,6.757,,
2022-05-04,20.2535,,6.7556,,
2022-05-05,20.2218,,6.7603,,
2022-05-06,20.1085,,6.765,,
2022-05-09,20.3172,,6.765,,
2022-05-10,20.372,,6.7725,,
2022-05-11,20.2592,,6.795,,
2022-05-12,20.32,,6.8075,,
2022-05-13,20.1443,,6.8199,,
2022-05-16,20.0782,,7.235,,
2022-05-17,19.9637,,7.218,,
2022-05-18,19.9663,,7.2087,,
2022-05-19,19.9267,,7.205,,
2022-05-20,19.8657,,7.203,,
2022-05-23,19.8282,,7.202,,
2022-05-24,19.887,,7.2075,,
2022-05-25,19.8377,,7.2187,,
2022-05-26,19.7933,,7.2107,,
2022-05-27,19.5965,,7.207,,
2022-05-30,19.4953,,7.215,,
2022-05-31,19.694,,7.2225,,
2022-06-01,19.7388,122.044,7.225,112.7901,9.47
2022-06-02,19.5585,,7.23,,
2022-06-03,19.5742,,7.2355,,
2022-06-06,19.5547,,7.2335,,
2022-06-07,19.5998,,7.242,,
2022-06-08,19.59,,7.2465,,
2022-06-09,19.6128,,7.2627,,
2022-06-10,19.9297,,7.267,,
2022-06-13,20.4527,,7.2715,,
2022-06-14,20.6583,,7.28,,
2022-06-15,20.6675,,7.2855,,
2022-06-16,20.5728,,7.3025,,
2022-06-17,20.476,,7.3225,,
2022-06-20,20.2442,,7.33,,
2022-06-21,20.1963,,7.3375,,
2022-06-22,20.0465,,7.355,,
2022-06-23,20.0365,,7.3775,,
2022-06-24,19.8707,,7.3913,,
2022-06-27,19.8797,,8.0125,,
2022-06-28,19.9847,,8.018,,
2022-06-29,20.1443,,8.0255,,
2022-06-30,20.1335,,8.0245,,
2022-07-01,20.3817,122.948,8.0303,111.2842,9.65
2022-07-04,20.2877,,8.032,,
2022-07-05,20.5598,,8.025,,
2022-07-06,20.7228,,8.0303,,
2022-07-07,20.6022,,8.032,,
2022-07-08,20.4423,,8.03,,
2022-07-11,20.7473,,8.0315,,
2022-07-12,20.7882,,8.0375,,
2022-07-13,20.7613,,8.03,,
2022-07-14,20.9415,,8.0365,,
2022-07-15,20.611,,8.035,,
2022-07-18,20.3957,,8.0245,,
2022-07-19,20.4407,,8.02,,
2022-07-20,20.4913,,8.03,,
2022-07-21,20.6562,,8.04,,
2022-07-22,20.515,,8.045,,
2022-07-25,20.4652,,8.0445,,
2022-07-26,20.433,,8.044,,
2022-07-27,20.512,,8.05,,
2022-07-28,20.3778,,8.06,,
2022-07-29,20.3485,,8.075,,
2022-08-01,20.2633,123.803,8.08,112.917,10.65
2022-08-02,20.5152,,8.0912,,
2022-08-03,20.6305,,8.105,,
2022-08-04,20.3358,,8.1074,,
2022-08-05,20.401,,8.1187,,
2022-08-08,20.2789,,8.119,,
2022-08-09,20.2715,,8.1225,,
2022-08-10,19.9562,,8.1312,,
2022-08-11,19.9595,,8.1624,,
2022-08-12,19.874,,8.1787,,
2022-08-15,19.8618,,8.775,,
2022-08-16,19.9303,,8.7612,,
2022-08-17,20.0387,,8.7706,,
2022-08-18,20.0835,,8.768,,
2022-08-19,20.1957,,8.7728,,
2022-08-22,20.1598,,8.7763,,
2022-08-23,19.9982,,8.781,,
2022-08-24,19.9198,,8.783,,
2022-08-25,19.9437,,8.8,,
2022-08-26,19.9268,,8.808,,
2022-08-29,19.9945,,8.812,,
2022-08-30,20.1465,,8.8148,,
2022-08-31,20.0962,,8.8163,,
2022-09-01,20.2473,124.571,8.821,109.5058,9.96
2022-09-02,19.9753,,8.8235,,
2022-09-05,19.962,,8.82,,
2022-09-06,20.138,,8.8177,,
2022-09-07,20.0297,,8.8196,,
2022-09-08,20.0203,,8.835,,
2022-09-09,19.9027,,8.843,,
2022-09-12,19.7957,,8.8527,,
2022-09-13,20.055,,8.8599,,
2022-09-14,19.9768,,8.8699,,
2022-09-15,20.0525,,8.8787,,
2022-09-19,19.9943,,8.8912,,
2022-09-20,20.0,,8.9006,,
2022-09-21,20.0027,,8.915,,
2022-09-22,19.9608,,8.9275,,
2022-09-23,20.1627,,8.9395,,
2022-09-26,20.3517,,8.9509,,
2022-09-27,20.357,,8.9585,,
2022-09-28,20.3058,,8.9792,,
2022-09-29,20.1927,,8.9896,,
2022-09-30,20.0925,,9.02,,
2022-10-01,,125.276,,113.1013,8.36
2022-10-03,20.0008,,9.535,,
2022-10-04,19.9698,,9.5366,,
2022-10-05,20.1267,,9.5453,,
2022-10-06,20.1087,,9.5515,,
2022-10-07,20.0502,,9.5451,,
2022-10-10,19.9752,,9.5465,,
2022-10-11,19.9652,,9.545,,
2022-10-12,20.0352,,9.5515,,
2022-10-13,20.0398,,9.5595,,
2022-10-14,20.0838,,9.5635,,
2022-10-17,19.9913,,9.5655,,
2022-10-18,20.0207,,9.5665,,
2022-10-19,20.1272,,9.567,,
2022-10-20,20.0448,,9.5663,,
2022-10-21,19.9647,,9.567,,
2022-10-24,19.9535,,9.5675,,
2022-10-25,19.8712,,9.575,,
2022-10-26,19.8553,,9.584,,
2022-10-27,19.8365,,9.591,,
2022-10-28,19.8303,,9.59,,
2022-10-31,19.8245,,9.594,,
2022-11-01,19.7463,125.997,9.596,116.2355,5.73
2022-11-03,19.6673,,9.597,,
2022-11-04,19.5202,,9.606,,
2022-11-07,19.4647,,9.612,,
2022-11-08,19.4775,,9.6125,,
2022-11-09,19.5887,,9.62,,
2022-11-10,19.394,,9.63,,
2022-11-11,19.5353,,9.65,,
2022-11-14,19.4015,,10.22,,
2022-11-15,19.3818,,10.235,,
2022-11-16,19.3137,,10.2457,,
2022-11-17,19.4333,,10.24,,
2022-11-18,19.493,,10.2395,,
2022-11-22,19.4667,,10.2495,,
2022-11-23,19.3683,,10.2487,,
2022-11-24,19.3692,,10.2599,,
2022-11-25,19.3393,,10.2694,,
2022-11-28,19.325,,10.2749,,
2022-11-29,19.216,,10.2857,,
2022-11-30,19.3965,,10.2875,,
2022-12-01,19.1433,126.478,10.2935,115.6574,6.27
2022-12-02,19.3422,,10.2987,,
2022-12-05,19.7567,,10.309,,
2022-12-06,19.803,,10.3162,,
2022-12-07,19.6977,,10.3249,,
2022-12-08,19.6732,,10.3287,,
2022-12-09,19.8192,,10.3343,,
2022-12-13,19.6458,,10.3471,,
2022-12-14,19.6955,,10.3535,,
2022-12-15,19.7963,,10.3612,,
2022-12-16,19.7932,,10.3737,,
2022-12-19,19.7557,,10.7125,,
2022-12-20,19.7482,,10.715,,
2022-12-21,19.6932,,10.722,,
2022-12-22,19.574,,10.7359,,
2022-12-23,19.4287,,10.7375,,
2022-12-26,19.3983,,10.7472,,
2022-12-27,19.4407,,10.745,,
2022-12-28,19.4143,,10.7545,,
2022-12-29,19.3615,,10.762,,
2022-12-30,19.4715,,10.7605,,
2023-01-01,,127.336,,112.0995,6.32
2023-01-02,19.4883,,10.77,,
2023-01-03,19.422,,10.7775,,
2023-01-04,19.3568,,10.777,,
2023-01-05,19.3672,,10.7663,,
2023-01-06,19.1753,,10.768,,
2023-01-09,19.1648,,10.769,,
2023-01-10,19.1108,,10.7745,,
2023-01-11,19.026,,10.7675,,
2023-01-12,18.8735,,10.7675,,
2023-01-13,18.7922,,10.7675,,
2023-01-16,18.7913,,10.76,,
2023-01-17,18.7493,,10.775,,
2023-01-18,18.7493,,10.7775,,
2023-01-19,19.0327,,10.7872,,
2023-01-20,18.9257,,10.7885,,
2023-01-23,18.8267,,10.7899,,
2023-01-24,18.8318,,10.7924,,
2023-01-25,18.82,,10.791,,
2023-01-26,18.8355,,10.7965,,
2023-01-27,18.7872,,10.7955,,
2023-01-30,18.7793,,10.805,,
2023-01-31,18.7937,,10.8162,,
2023-02-01,18.739,128.046,10.8125,109.5504,5.65
2023-02-02,18.6232,,10.8274,,
2023-02-03,18.8895,,10.8335,,
2023-02-07,19.0517,,10.8449,,
2023-02-08,18.9435,,10.8512,,
2023-02-09,18.9543,,10.8605,,
2023-02-10,18.6893,,10.88,,
2023-02-13,18.6327,,11.2275,,
2023-02-14,18.5383,,11.2349,,
2023-02-15,18.6428,,11.237,,
2023-02-16,18.5497,,11.243,,
2023-02-17,18.4142,,11.241,,
2023-02-20,18.397,,11.245,,
2023-02-21,18.3938,,11.2545,,
2023-02-22,18.3483,,11.2642,,
2023-02-23,18.4107,,11.2604,,
2023-02-24,18.4023,,11.27,,
2023-02-27,18.4077,,11.275,,
2023-02-28,18.3448,,11.2655,,
2023-03-01,18.17,128.389,11.274,115.2517,3.27
2023-03-02,18.126,,11.2675,,
2023-03-03,18.0123,,11.2775,,
2023-03-06,18.0122,,11.2823,,
2023-03-07,18.1155,,11.285,,
2023-03-08,17.9662,,11.296,,
2023-03-09,18.0577,,11.2962,,
2023-03-10,18.4083,,11.308,,
2023-03-13,18.8302,,11.314,,
2023-03-14,18.6427,,11.3195,,
2023-03-15,18.9972,,11.3245,,
2023-03-16,18.9095,,11.3372,,
2023-03-17,18.8977,,11.3474,,
2023-03-21,18.6755,,11.35,,
2023-03-22,18.5437,,11.355,,
2023-03-23,18.4902,,11.365,,
2023-03-24,18.5178,,11.3749,,
2023-03-27,18.383,,11.3874,,
2023-03-28,18.2523,,11.3986,,
2023-03-29,18.1052,,11.4035,,
2023-03-30,18.0932,,11.4149,,
2023-03-31,18.0415,,11.4274,,
2023-04-01,,128.363,,112.5245,2.12
2023-04-03,18.107,,11.52,,
2023-04-04,18.1185,,11.5195,,
2023-04-05,18.3323,,11.5175,,
2023-04-10,18.1765,,11.5267,,
2023-04-11,18.187,,11.5175,,
2023-04-12,18.066,,11.5175,,
2023-04-13,18.0152,,11.5255,,
2023-04-14,18.0638,,11.5345,,
2023-04-17,18.0868,,11.539,,
2023-04-18,18.063,,11.5353,,
2023-04-19,18.0448,,11.537,,
2023-04-20,18.009,,11.5329,,
2023-04-21,17.9988,,11.5293,,
2023-04-24,18.0082,,11.5253,,
2023-04-25,18.0892,,11.525,,
2023-04-26,18.103,,11.5265,,
2023-04-27,18.0723,,11.5357,,
2023-04-28,17.9975,,11.5445,,
2023-05-01,,128.084,,119.1355,1.24
2023-05-02,18.0325,,11.5499,,
2023-05-03,17.906,,11.549,,
2023-05-04,17.9575,,11.554,,
2023-05-05,17.7863,,11.5669,,
2023-05-08,17.8213,,11.5625,,
2023-05-09,17.7608,,11.562,,
2023-05-10,17.5845,,11.5652,,
2023-05-11,17.6287,,11.5538,,
2023-05-12,17.6142,,11.5523,,
2023-05-15,17.538,,11.5493,,
2023-05-16,17.4672,,11.5384,,
2023-05-17,17.5872,,11.5375,,
2023-05-18,17.7342,,11.525,,
2023-05-19,17.693,,11.526,,
2023-05-22,17.868,,11.5213,,
2023-05-23,17.9687,,11.515,,
2023-05-24,17.8195,,11.5135,,
2023-05-25,17.8252,,11.51,,
2023-05-26,17.6723,,11.5135,,
2023-05-29,17.5605,,11.5017,,
2023-05-30,17.6532,,11.509,,
2023-05-31,17.7418,,11.5057,,
2023-06-01,17.5673,128.214,11.4966,,-0.36
2023-06-02,17.5063,,11.504,,
2023-06-05,17.4732,,11.5033,,
2023-06-06,17.4192,,11.5,,
2023-06-07,17.3608,,11.498,,
2023-06-08,17.4085,,11.5015,,
2023-06-09,17.284,,11.509,,
2023-06-12,17.312,,11.5125,,
2023-06-13,17.2185,,11.5075,,
2023-06-14,17.1247,,11.4975,,
2023-06-15,17.1762,,11.4995,,
2023-06-16,17.0792,,11.498,,
2023-06-19,17.0945,,11.5032,,
2023-06-20,17.2043,,11.4995,,
2023-06-21,17.1547,,11.5067,,
2023-06-22,17.1713,,11.5045,,
2023-06-23,17.1795,,11.5,,
2023-06-26,17.1445,,11.508,,
2023-06-27,17.1013,,11.5005,,
2023-06-28,17.072,,11.4855,,
2023-06-29,17.1187,,11.4962,,
2023-06-30,17.1358,,11.4925,,
2023-07-01,,128.832,,,-0.67
2023-07-03,17.0517,,11.498,,
2023-07-04,17.026,,11.503,,
2023-07-05,17.004,,11.503,,
2023-07-06,17.2825,,11.508,,
2023-07-07,17.1012,,11.5105,,
2023-07-10,17.0605,,11.5002,,
2023-07-11,17.0783,,11.4904,,
2023-07-12,16.8537,,11.495,,
2023-07-13,16.8905,,11.4925,,
2023-07-14,16.7892,,11.49,,
2023-07-17,16.7858,,11.4865,,
2023-07-18,16.748,,11.49,,
2023-07-19,16.7667,,11.4915,,
2023-07-20,16.846,,11.5,,
2023-07-21,16.9393,,11.505,,
2023-07-24,16.8367,,11.5037,,
2023-07-25,16.9075,,11.5084,,
2023-07-26,16.8825,,11.5054,,
2023-07-27,16.7338,,11.5095,,
2023-07-28,16.6895,,11.514,,
2023-07-31,16.7303,,11.5135,,
2023-08-01,16.8533,129.545,11.508,,0.37
2023-08-02,17.0193,,11.5105,,
2023-08-03,17.2892,,11.5053,,
2023-08-04,17.0555,,11.505,,
2023-08-07,17.0608,,11.5025,,
2023-08-08,17.1122,,11.5,,
2023-08-09,17.0767,,11.494,,
2023-08-10,16.9548,,11.5005,,
2023-08-11,17.0045,,11.494,,
2023-08-14,17.0672,,11.4975,,
2023-08-15,17.1388,,11.485,,
2023-08-16,17.0768,,11.485,,
2023-08-17,17.1225,,11.5,,
2023-08-18,17.0477,,11.4925,,
2023-08-21,17.0202,,11.4925,,
2023-08-22,16.9267,,11.4975,,
2023-08-23,16.8077,,11.505,,
2023-08-24,16.809,,11.4975,,
2023-08-25,16.7718,,11.494,,
2023-08-28,16.7432,,11.5062,,
2023-08-29,16.8402,,11.5055,,
2023-08-30,16.7477,,11.5079,,
2023-08-31,16.917,,11.509,,
2023-09-01,17.1113,130.12,11.507,,0.6
2023-09-04,17.175,,11.506,,
2023-09-05,17.3492,,11.5019,,
2023-09-06,17.5805,,11.4972,,
2023-09-07,17.5543,,11.501,,
2023-09-08,17.5767,,11.5,,
2023-09-11,17.3813,,11.5012,,
2023-09-12,17.2553,,11.5055,,
2023-09-13,17.1235,,11.5004,,
2023-09-14,17.1042,,11.505,,
2023-09-15,17.0807,,11.5075,,
2023-09-18,17.1307,,11.506,,
2023-09-19,17.0805,,11.5055,,
2023-09-20,17.024,,11.5075,,
2023-09-21,17.1675,,11.5037,,
2023-09-22,17.1568,,11.5065,,
2023-09-25,17.3733,,11.5055,,
2023-09-26,17.4758,,11.499,,
2023-09-27,17.7287,,11.4995,,
2023-09-28,17.6195,,11.5041,,
2023-09-29,17.4127,,11.4983,,
2023-10-01,,130.609,,,0.56
2023-10-02,17.592,,11.5028,,
2023-10-03,17.9025,,11.5,,
2023-10-04,18.017,,11.4985,,
2023-10-05,18.2407,,11.4983,,
2023-10-06,18.1837,,11.4979,,
2023-10-09,18.3482,,11.4977,,
2023-10-10,17.9917,,11.5,,
2023-10-11,17.842,,11.501,,
2023-10-12,17.9132,,11.502,,
2023-10-13,18.0362,,11.5022,,
2023-10-16,17.9568,,11.5045,,
2023-10-17,17.9097,,11.506,,
2023-10-18,18.244,,11.5065,,
2023-10-19,18.2873,,11.507,,
2023-10-20,18.2343,,11.507,,
2023-10-23,18.1218,,11.507,,
2023-10-24,18.2842,,11.507,,
2023-10-25,18.3122,,11.507,,
2023-10-26,18.2178,,11.5047,,
2023-10-27,18.0752,,11.506,,
2023-10-30,18.064,,11.5065,,
2023-10-31,18.0368,,11.5045,,
2023-11-01,17.9305,131.445,11.5035,,1.43
2023-11-03,17.4117,,11.5055,,
2023-11-06,17.5308,,11.5065,,
2023-11-07,17.5097,,11.507,,
2023-11-08,17.5017,,11.507,,
2023-11-09,17.4888,,11.507,,
2023-11-10,17.748,,11.507,,
2023-11-13,17.6138,,11.507,,
2023-11-14,17.3917,,11.5064,,
2023-11-15,17.3387,,11.5055,,
2023-11-16,17.2708,,11.5051,,
2023-11-17,17.2175,,11.505,,
2023-11-21,17.2102,,11.5037,,
2023-11-22,17.2133,,11.504,,
2023-11-23,17.1787,,11.504,,
2023-11-24,17.1268,,11.504,,
2023-11-27,17.1555,,11.504,,
2023-11-28,17.1357,,11.5032,,
2023-11-29,17.187,,11.504,,
2023-11-30,17.373,,11.5041,,
2023-12-01,17.2143,132.373,11.5033,,3.39
2023-12-04,17.406,,11.504,,
2023-12-05,17.4215,,11.5051,,
2023-12-06,17.2685,,11.5038,,
2023-12-07,17.4197,,11.504,,
2023-12-08,17.3688,,11.504,,
2023-12-11,17.447,,11.506,,
2023-12-13,17.398,,11.5075,,
2023-12-14,17.299,,11.506,,
2023-12-15,17.1908,,11.5043,,
2023-12-18,17.2277,,11.504,,
2023-12-19,17.0652,,11.504,,
2023-12-20,17.0673,,11.5025,,
2023-12-21,17.059,,11.5025,,
2023-12-22,16.9738,,11.5025,,
2023-12-26,16.9727,,11.5037,,
2023-12-27,16.922,,11.505,,
2023-12-28,16.8935,,11.504,,
2023-12-29,16.919,,11.5035,,
2024-01-01,,133.555,,,5.24
2024-01-02,17.0297,,11.5025,,
2024-01-03,17.0492,,11.5022,,
2024-01-04,17.0458,,11.5025,,
2024-01-05,16.8987,,11.5025,,
2024-01-08,16.8133,,11.5025,,
2024-01-09,16.9347,,11.5025,,
2024-01-10,16.9912,,11.5025,,
2024-01-11,16.9898,,11.5025,,
2024-01-12,16.858,,11.5025,,
2024-01-15,16.8983,,11.4975,,
2024-01-16,17.1598,,11.5002,,
2024-01-17,17.2957,,11.4988,,
2024-01-18,17.1995,,11.5006,,
2024-01-19,17.1325,,11.501,,
2024-01-22,17.1125,,11.5017,,
2024-01-23,17.352,,11.4985,,
2024-01-24,17.1673,,11.5002,,
2024-01-25,17.2375,,11.5015,,
2024-01-26,17.1657,,11.4995,,
2024-01-29,17.2333,,11.4985,,
2024-01-30,17.1932,,11.499,,
2024-01-31,17.1633,,11.5,,
2024-02-01,17.1335,133.681,11.5012,,3.67
2024-02-02,17.1447,,11.4993,,
2024-02-06,17.0357,,11.4984,,
2024-02-07,17.0398,,11.498,,
2024-02-08,17.1023,,11.499,,
2024-02-09,17.0855,,11.4982,,
2024-02-12,17.068,,11.4995,,
2024-02-13,17.1982,,11.5007,,
2024-02-14,17.1105,,11.4966,,
2024-02-15,17.068,,11.4983,,
2024-02-16,17.0602,,11.4954,,
2024-02-19,17.05,,11.495,,
2024-02-20,17.0458,,11.495,,
2024-02-21,17.0603,,11.4925,,
2024-02-22,17.121,,11.4962,,
2024-02-23,17.126,,11.4925,,
2024-02-26,17.126,,11.4925,,
2024-02-27,17.0605,,11.4891,,
2024-02-28,17.0962,,11.49,,
2024-02-29,17.0633,,11.4875,,
2024-03-01,17.0217,134.065,11.4937,,4.03
2024-03-04,16.9828,,11.485,,
2024-03-05,16.9257,,11.4775,,
2024-03-06,16.8728,,11.485,,
2024-03-07,16.877,,11.485,,
2024-03-08,16.7985,,11.4859,,
2024-03-11,16.8083,,11.4825,,
2024-03-12,16.8272,,11.4724,,
2024-03-13,16.7127,,11.4748,,
2024-03-14,16.692,,11.47,,
2024-03-15,16.71,,11.475,,
2024-03-19,16.8523,,11.4775,,
2024-03-20,16.759,,11.4775,,
2024-03-21,16.762,,11.48,,
2024-03-22,16.7367,,11.4799,,
2024-03-25,16.7032,,11.245,,
2024-03-26,16.678,,11.247,,
2024-03-27,16.5323,,11.2475,,
2024-04-01,16.6578,134.336,11.2485,,5.54
2024-04-02,16.5673,,11.249,,
2024-04-03,16.5415,,11.2475,,
2024-04-04,16.5173,,11.2475,,
2024-04-05,16.4758,,11.2485,,
2024-04-08,16.3357,,11.2485,,
2024-04-09,16.3932,,11.249,,
2024-04-10,16.4883,,11.2492,,
2024-04-11,16.4583,,11.249,,
2024-04-12,16.6693,,11.2502,,
2024-04-15,16.6815,,11.2488,,
2024-04-16,17.0252,,11.2407,,
2024-04-17,16.9948,,11.2445,,
2024-04-18,17.1145,,11.245,,
2024-04-19,17.212,,11.2465,,
2024-04-22,17.1243,,11.245,,
2024-04-23,16.9995,,11.245,,
2024-04-24,17.1098,,11.245,,
2024-04-25,17.1883,,11.245,,
2024-04-26,17.1552,,11.245,,
2024-04-29,17.0243,,11.245,,
2024-04-30,17.0958,,11.245,,
2024-05-01,,134.087,,,6.19
2024-05-02,16.9393,,11.24,,
2024-05-03,17.0042,,11.24,,
2024-05-06,16.8947,,11.2366,,
2024-05-07,16.9083,,11.24,,
2024-05-08,16.9087,,11.24,,
2024-05-09,16.866,,11.24,,
2024-05-10,16.769,,11.24,,
2024-05-13,16.8072,,11.24,,
2024-05-14,16.846,,11.24,,
2024-05-15,16.6782,,11.24,,
2024-05-16,16.6893,,11.2399,,
2024-05-17,16.6217,,11.235,,
2024-05-20,16.5668,,11.2399,,
2024-05-21,16.6138,,11.235,,
2024-05-22,16.6405,,11.235,,
2024-05-23,16.6945,,11.235,,
2024-05-24,16.7023,,11.2415,,
2024-05-27,16.6568,,11.235,,
2024-05-28,16.7457,,11.2425,,
2024-05-29,16.95,,11.245,,
2024-05-30,16.9377,,11.2465,,
2024-05-31,17.0177,,11.245,,
2024-06-01,,134.594,,,7.67
2024-06-03,17.6338,,11.2465,,
2024-06-04,17.8607,,11.245,,
2024-06-05,17.5592,,11.245,,
2024-06-06,17.5335,,11.245,,
2024-06-07,18.2622,,11.245,,
2024-06-10,18.3848,,11.247,,
2024-06-11,18.4457,,11.245,,
2024-06-12,18.7832,,11.245,,
2024-06-13,18.5385,,11.245,,
2024-06-14,18.4512,,11.245,,
2024-06-17,18.5248,,11.2475,,
2024-06-18,18.4128,,11.245,,
2024-06-19,18.423,,11.243,,
2024-06-20,18.4027,,11.245,,
2024-06-21,18.1848,,11.245,,
2024-06-24,17.9627,,11.245,,
2024-06-25,18.1372,,11.245,,
2024-06-26,18.2215,,11.245,,
2024-06-27,18.3773,,11.2449,,
2024-06-28,18.2478,,11.24,,
2024-07-01,18.3897,136.003,11.2445,,10.36
2024-07-02,18.2485,,11.2472,,
2024-07-03,18.1355,,11.245,,
2024-07-04,18.0958,,11.245,,
2024-07-05,18.0977,,11.245,,
2024-07-08,18.0095,,11.2465,,
2024-07-09,17.9428,,11.2475,,
2024-07-10,17.8288,,11.245,,
2024-07-11,17.8192,,11.2465,,
2024-07-12,17.6502,,11.245,,
2024-07-15,17.7837,,11.247,,
2024-07-16,17.6795,,11.245,,
2024-07-17,17.7438,,11.245,,
2024-07-18,17.8907,,11.245,,
2024-07-19,17.997,,11.2449,,
2024-07-22,17.9107,,11.245,,
2024-07-23,18.0987,,11.245,,
2024-07-24,18.3458,,11.2465,,
2024-07-25,18.385,,11.2475,,
2024-07-26,18.4475,,11.245,,
2024-07-29,18.6818,,11.245,,
2024-07-30,18.79,,11.2449,,
2024-07-31,18.597,,11.245,,
2024-08-01,18.706,136.013,11.245,,8.03
2024-08-02,19.0442,,11.2475,,
2024-08-05,19.3905,,11.245,,
2024-08-06,19.33,,11.245,,
2024-08-07,19.189,,11.2325,,
2024-08-08,19.09,,11.248,,
2024-08-09,18.8368,,11.2475,,
2024-08-12,19.032,,11.025,,
2024-08-13,19.0387,,11.0025,,
2024-08-14,18.8478,,11.0012,,
2024-08-15,18.6513,,11.0028,,
2024-08-16,18.6228,,11.0032,,
2024-08-19,18.7357,,11.0016,,
2024-08-20,18.9448,,11.0064,,
2024-08-21,19.2535,,11.0077,,
2024-08-22,19.4235,,11.0038,,
2024-08-23,19.0708,,11.0028,,
2024-08-26,19.382,,11.0014,,
2024-08-27,19.6692,,11.0007,,
2024-08-28,19.6037,,10.9994,,
2024-08-29,19.8168,,10.9985,,
2024-08-30,19.6535,,10.998,,
2024-09-01,,136.08,,,6.5
2024-09-02,19.798,,10.9977,,
2024-09-03,19.8335,,10.9976,,
2024-09-04,19.846,,10.985,,
2024-09-05,20.0028,,10.98,,
2024-09-06,20.0172,,10.975,,
2024-09-09,19.8798,,10.9725,,
2024-09-10,20.0583,,10.9638,,
2024-09-11,19.839,,10.9675,,
2024-09-12,19.5887,,10.965,,
2024-09-13,19.2483,,10.965,,
2024-09-17,19.267,,10.9725,,
2024-09-18,19.3033,,10.9606,,
2024-09-19,19.2773,,10.9525,,
2024-09-20,19.3725,,10.945,,
2024-09-23,19.415,,10.95,,
2024-09-24,19.3562,,10.9364,,
2024-09-25,19.587,,10.935,,
2024-09-26,19.629,,10.9199,,
2024-09-27,19.6697,,10.92,,
2024-09-30,19.644,,10.74,,
2024-10-01,,136.828,,,7.68
2024-10-02,19.3885,,10.74,,
2024-10-03,19.4678,,10.7399,,
2024-10-04,19.2127,,10.7437,,
2024-10-07,19.3388,,10.7399,,
2024-10-08,19.3532,,10.7399,,
2024-10-09,19.4175,,10.7437,,
2024-10-10,19.5113,,10.74,,
2024-10-11,19.3983,,10.7399,,
2024-10-14,19.342,,10.7435,,
2024-10-15,19.62,,10.74,,
2024-10-16,19.8925,,10.7434,,
2024-10-17,19.9313,,10.7399,,
2024-10-18,19.8325,,10.74,,
2024-10-21,20.0075,,10.74,,
2024-10-22,19.8985,,10.735,,
2024-10-23,19.9338,,10.74,,
2024-10-24,19.8385,,10.7252,,
2024-10-25,19.9303,,10.73,,
2024-10-28,20.0007,,10.7157,,
2024-10-29,20.0208,,10.72,,
2024-10-30,20.1617,,10.721,,
2024-10-31,20.0378,,10.7205,,
2024-11-01,20.0908,137.424,10.7078,,7.6
2024-11-04,20.0367,,10.72,,
2024-11-05,20.2695,,10.72,,
2024-11-06,20.3093,,10.7058,,
2024-11-07,19.8277,,10.7,,
2024-11-08,20.1332,,10.6975,,
2024-11-11,20.4502,,10.6958,,
2024-11-12,20.5693,,10.6983,,
2024-11-13,20.6025,,10.695,,
2024-11-14,20.494,,10.6825,,
2024-11-15,20.3887,,10.6945,,
2024-11-19,20.1848,,10.49,,
2024-11-20,20.2903,,10.493,,
2024-11-21,20.3775,,10.4945,,
2024-11-22,20.4872,,10.495,,
2024-11-25,20.2993,,10.4954,,
2024-11-26,20.7185,,10.4833,,
2024-11-27,20.6418,,10.485,,
2024-11-28,20.4173,,10.485,,
2024-11-29,20.3212,,10.4763,,
2024-12-01,,137.949,,,5.95
2024-12-02,20.4357,,10.475,,
2024-12-03,20.3233,,10.47,,
2024-12-04,20.283,,10.4663,,
2024-12-05,20.1963,,10.4563,,
2024-12-06,20.2275,,10.45,,
2024-12-09,20.1547,,10.4425,,
2024-12-10,20.2485,,10.4388,,
2024-12-11,20.1647,,10.436,,
2024-12-13,20.142,,10.4333,,
2024-12-16,20.1448,,10.4375,,
2024-12-17,20.2363,,10.425,,
2024-12-18,20.1395,,10.4188,,
2024-12-19,20.4402,,10.415,,
2024-12-20,20.1035,,10.425,,
2024-12-23,20.1948,,10.2244,,
2024-12-24,20.1558,,10.2344,,
2024-12-26,20.1657,,10.237,,
2024-12-27,20.2683,,10.2422,,
2024-12-30,20.5103,,10.2429,,
2024-12-31,20.7862,,10.244,,
2025-01-01,,138.343,,,3.34
2025-01-02,20.6917,,10.245,,
2025-01-03,20.6708,,10.4791,,
2025-01-06,20.3195,,10.328,,
2025-01-07,20.344,,10.2776,,
2025-01-08,20.3823,,10.2776,,
2025-01-09,20.4742,,10.2675,,
2025-01-10,20.7045,,10.2574,,
2025-01-13,20.8012,,10.2474,,
2025-01-14,20.482,,10.2373,,
2025-01-15,20.4875,,10.2474,,
2025-01-16,20.7732,,10.2675,,
2025-01-17,20.718,,10.2675,,
2025-01-20,20.543,,10.2675,,
2025-01-21,20.6358,,10.2675,,
2025-01-22,20.5397,,10.2776,,
2025-01-23,20.3943,,10.2877,,
2025-01-24,20.2255,,10.2776,,
2025-01-27,20.7002,,10.2977,,
2025-01-28,20.5668,,10.2877,,
2025-01-29,20.5677,,10.2776,,
2025-01-30,20.4497,,10.2977,,
2025-01-31,20.6068,,10.2776,,
2025-02-01,,138.726,,,4.08
2025-02-04,20.4268,,10.2776,,
2025-02-05,20.6363,,10.3078,,
2025-02-06,20.5125,,10.2977,,
2025-02-07,20.5512,,10.328,,
2025-02-10,20.6693,,9.7739,,
2025-02-11,20.568,,9.7638,,
2025-02-12,20.4917,,9.7739,,
2025-02-13,20.4978,,9.7739,,
2025-02-14,20.3082,,9.7739,,
2025-02-17,20.283,,9.7638,,
2025-02-18,20.2617,,9.7638,,
2025-02-19,20.4208,,9.7739,,
2025-02-20,20.3733,,9.7638,,
2025-02-21,20.3448,,9.7638,,
2025-02-24,20.464,,9.7538,,
2025-02-25,20.4683,,9.784,,
2025-02-26,20.4277,,9.7538,,
2025-02-27,20.4722,,9.7538,,
2025-02-28,20.508,,9.7538,,
2025-03-01,,139.161,,,4.16
2025-03-03,20.4333,,9.7538,,
2025-03-04,20.8518,,9.7941,,
2025-03-05,20.3893,,9.7638,,
2025-03-06,20.2777,,9.7739,,
2025-03-07,20.283,,9.7739,,
2025-03-10,20.2922,,9.7236,,
2025-03-11,20.3388,,9.7236,,
2025-03-12,20.1828,,9.7437,,
2025-03-13,20.0848,,9.7538,,
2025-03-14,19.8693,,9.7739,,
2025-03-18,19.9845,,9.7739,,
2025-03-19,20.0553,,9.7739,,
2025-03-20,20.1345,,9.7638,,
2025-03-21,20.2163,,9.7739,,
2025-03-24,20.1123,,9.7739,,
2025-03-25,20.0762,,9.7739,,
2025-03-26,20.0963,,9.7739,,
2025-03-27,20.3182,,9.7739,,
2025-03-28,20.4003,,9.7638,,
2025-03-31,20.438,,9.2604,,
2025-04-01,20.3587,139.62,9.2704,,3.76
2025-04-02,20.4568,,9.3208,,
2025-04-03,19.9708,,9.3208,,
2025-04-04,20.501,,9.2704,,
2025-04-07,20.6947,,9.2604,,
2025-04-08,20.6867,,9.2503,,
2025-04-09,20.7653,,9.2604,,
2025-04-10,20.492,,9.2604,,
2025-04-11,20.3363,,9.2604,,
2025-04-14,20.1025,,9.2704,,
2025-04-15,20.0213,,9.2704,,
2025-04-16,19.9737,,9.2704,,
2025-04-21,19.6718,,9.2704,,
2025-04-22,19.5688,,9.2704,,
2025-04-23,19.6278,,9.2704,,
2025-04-24,19.5825,,9.2906,,
2025-04-25,19.5478,,9.2906,,
2025-04-28,19.5723,,9.2805,,
2025-04-29,19.5868,,9.3006,,
2025-04-30,19.6095,,9.3006,,
2025-05-01,,140.012,,,5.34
2025-05-02,19.657,,9.3409,,
2025-05-05,19.6365,,9.351,,
2025-05-06,19.6785,,9.2805,,
2025-05-07,19.588,,9.2906,,
2025-05-08,19.5642,,9.3006,,
2025-05-09,19.4912,,9.2805,,
2025-05-12,19.6162,,9.2805,,
2025-05-13,19.4373,,9.2805,,
2025-05-14,19.363,,9.2805,,
2025-05-15,19.478,,9.2805,,
2025-05-16,19.5147,,9.2704,,
2025-05-19,19.3723,,8.7671,,
2025-05-20,19.2648,,8.7772,,
2025-05-21,19.3198,,8.7772,,
2025-05-22,19.3227,,8.7772,,
2025-05-23,19.2748,,8.7772,,
2025-05-26,19.2188,,8.7973,,
2025-05-27,19.2338,,8.7973,,
2025-05-28,19.4,,8.7873,,
2025-05-29,19.328,,8.7873,,
2025-05-30,19.3858,,8.7671,,
2025-06-01,,140.405,,,4.33
2025-06-02,19.2338,,8.7772,,
2025-06-03,19.2638,,8.8175,,
2025-06-04,19.1932,,8.7772,,
2025-06-05,19.17,,8.7571,,
2025-06-06,19.1317,,8.747,,
2025-06-09,19.0595,,8.737,,
2025-06-10,19.0518,,8.7168,,
2025-06-11,18.879,,8.737,,
2025-06-12,18.9068,,8.737,,
2025-06-13,18.9302,,8.737,,
2025-06-16,18.9083,,8.737,,
2025-06-17,18.9872,,8.747,,
2025-06-18,19.0047,,8.7571,,
2025-06-19,19.0898,,8.7671,,
2025-06-20,19.1458,,8.7571,,
2025-06-23,19.1527,,8.7671,,
2025-06-24,19.0267,,8.7671,,
2025-06-25,18.9203,,8.7873,,
2025-06-26,18.8928,,8.7671,,
2025-06-27,18.8483,,8.7772,,
2025-06-30,18.8332,,8.2842,,
2025-07-01,18.765,140.78,8.3043,,1.14
2025-07-02,18.754,,8.4049,,
2025-07-03,18.6652,,8.2942,,
2025-07-04,18.6327,,8.264,,
2025-07-07,18.6698,,8.2238,,
2025-07-08,18.714,,8.2439,,
2025-07-09,18.5733,,8.2439,,
2025-07-10,18.6267,,8.2439,,
2025-07-11,18.6595,,8.2439,,
2025-07-14,18.751,,8.2439,,
2025-07-15,18.8397,,8.2339,,
2025-07-16,18.7178,,8.2439,,
2025-07-17,18.7685,,8.2439,,
2025-07-18,18.72,,8.2339,,
2025-07-21,18.6455,,8.2339,,
2025-07-22,18.6212,,8.2339,,
2025-07-23,18.5735,,8.254,,
2025-07-24,18.5538,,8.2741,,
2025-07-25,18.557,,8.254,,
2025-07-28,18.7267,,8.264,,
2025-07-29,18.7642,,8.2339,,
2025-07-30,18.796,,8.2339,,
2025-07-31,18.7963,,8.2339,,
2025-08-01,18.916,140.867,8.2439,,1.38
2025-08-04,18.8783,,8.3143,,
2025-08-05,18.762,,8.2439,,
2025-08-06,18.6192,,8.2439,,
2025-08-07,18.6765,,8.2439,,
2025-08-08,18.5518,,8.2439,,
2025-08-11,18.6683,,8.0025,,
2025-08-12,18.5657,,8.0126,,
2025-08-13,18.6353,,8.0025,,
2025-08-14,18.8137,,8.0025,,
2025-08-15,18.7295,,8.0126,,
2025-08-18,18.784,,8.0126,,
2025-08-19,18.7982,,8.0327,,
2025-08-20,18.7572,,8.0126,,
2025-08-21,18.7737,,8.0226,,
2025-08-22,18.595,,8.0327,,
2025-08-25,18.6368,,8.0226,,
2025-08-26,18.6843,,8.0126,,
2025-08-27,18.6912,,8.0226,,
2025-08-28,18.6522,,8.0327,,
2025-08-29,18.644,,8.0327,,
2025-09-01,18.646,,8.0427,,
2025-09-02,18.7072,,8.1132,,
2025-09-03,18.6873,,8.0226,,
2025-09-04,18.7577,,8.0226,,
2025-09-05,18.6792,,8.0226,,
2025-09-08,18.655,,8.0226,,
2025-09-09,18.6353,,8.0126,,
2025-09-10,18.592,,8.0126,,
2025-09-11,18.5287,,8.0126,,
2025-09-12,18.4757,,8.0126,,
2025-09-15,18.3635,,8.0126,,
2025-09-17,18.3257,,8.0226,,
2025-09-18,18.361,,8.0226,,
2025-09-19,18.3892,,8.0327,,
2025-09-22,18.4082,,8.0427,,
2025-09-23,18.3232,,8.0629,,
2025-09-24,18.4312,,8.0629,,
2025-09-25,18.4457,,8.0427,,
2025-09-26,18.3825,,8.0629,,
