Year,Month,Mexican Policy Uncertainty Index,fecha_procesamiento,archivo_origen
1996,1.0,200.40365465524465,2025-09-28 18:01:46.794925,Mexico_Policy_Uncertainty_Data.xlsx
1996,2.0,121.81696287787935,2025-09-28 18:01:46.794925,Mexico_Policy_Uncertainty_Data.xlsx
1996,3.0,174.65146667594894,2025-09-28 18:01:46.794925,Mexico_Policy_Uncertainty_Data.xlsx
1996,4.0,103.58212848423594,2025-09-28 18:01:46.794925,Mexico_Policy_Uncertainty_Data.xlsx
1996,5.0,125.6151625451096,2025-09-28 18:01:46.794925,Mexico_Policy_Uncertainty_Data.xlsx
1996,6.0,94.26124460275116,2025-09-28 18:01:46.794925,Mexico_Policy_Uncertainty_Data.xlsx
1996,7.0,152.31372634868717,2025-09-28 18:01:46.794925,Mexico_Policy_Uncertainty_Data.xlsx
1996,8.0,60.999880402293314,2025-09-28 18:01:46.794925,Mexico_Policy_Uncertainty_Data.xlsx
1996,9.0,116.9217623537837,2025-09-28 18:01:46.794925,Mexico_Policy_Uncertainty_Data.xlsx
1996,10.0,156.24204239264995,2025-09-28 18:01:46.794925,Mexico_Policy_Uncertainty_Data.xlsx
1996,11.0,113.20694718722832,2025-09-28 18:01:46.794925,Mexico_Policy_Uncertainty_Data.xlsx
1996,12.0,148.79131973061735,2025-09-28 18:01:46.794925,Mexico_Policy_Uncertainty_Data.xlsx
1997,1.0,134.02952125475534,2025-09-28 18:01:46.794925,Mexico_Policy_Uncertainty_Data.xlsx
1997,2.0,122.48234145607518,2025-09-28 18:01:46.794925,Mexico_Policy_Uncertainty_Data.xlsx
1997,3.0,121.9279020841433,2025-09-28 18:01:46.794925,Mexico_Policy_Uncertainty_Data.xlsx
1997,4.0,134.97436169349714,2025-09-28 18:01:46.794925,Mexico_Policy_Uncertainty_Data.xlsx
1997,5.0,140.78943443069718,2025-09-28 18:01:46.794925,Mexico_Policy_Uncertainty_Data.xlsx
1997,6.0,161.43671729370172,2025-09-28 18:01:46.794925,Mexico_Policy_Uncertainty_Data.xlsx
1997,7.0,99.96890430953691,2025-09-28 18:01:46.794925,Mexico_Policy_Uncertainty_Data.xlsx
1997,8.0,125.02440395043098,2025-09-28 18:01:46.794925,Mexico_Policy_Uncertainty_Data.xlsx
1997,9.0,108.42225937066384,2025-09-28 18:01:46.794925,Mexico_Policy_Uncertainty_Data.xlsx
1997,10.0,117.74490846469166,2025-09-28 18:01:46.794925,Mexico_Policy_Uncertainty_Data.xlsx
1997,11.0,136.49181065956515,2025-09-28 18:01:46.794925,Mexico_Policy_Uncertainty_Data.xlsx
1997,12.0,178.8007569179951,2025-09-28 18:01:46.794925,Mexico_Policy_Uncertainty_Data.xlsx
1998,1.0,121.22559492936571,2025-09-28 18:01:46.794925,Mexico_Policy_Uncertainty_Data.xlsx
1998,2.0,131.54298045793985,2025-09-28 18:01:46.794925,Mexico_Policy_Uncertainty_Data.xlsx
1998,3.0,231.23565527240063,2025-09-28 18:01:46.794925,Mexico_Policy_Uncertainty_Data.xlsx
1998,4.0,163.48180223382704,2025-09-28 18:01:46.794925,Mexico_Policy_Uncertainty_Data.xlsx
1998,5.0,197.5841763175742,2025-09-28 18:01:46.794925,Mexico_Policy_Uncertainty_Data.xlsx
1998,6.0,216.05431289792895,2025-09-28 18:01:46.794925,Mexico_Policy_Uncertainty_Data.xlsx
1998,7.0,232.26492008624535,2025-09-28 18:01:46.794925,Mexico_Policy_Uncertainty_Data.xlsx
1998,8.0,258.4811245721537,2025-09-28 18:01:46.794925,Mexico_Policy_Uncertainty_Data.xlsx
1998,9.0,428.160888881888,2025-09-28 18:01:46.794925,Mexico_Policy_Uncertainty_Data.xlsx
1998,10.0,235.49982373780395,2025-09-28 18:01:46.794925,Mexico_Policy_Uncertainty_Data.xlsx
1998,11.0,241.93222094815798,2025-09-28 18:01:46.794925,Mexico_Policy_Uncertainty_Data.xlsx
1998,12.0,262.05662218279775,2025-09-28 18:01:46.794925,Mexico_Policy_Uncertainty_Data.xlsx
1999,1.0,250.44801147828767,2025-09-28 18:01:46.794925,Mexico_Policy_Uncertainty_Data.xlsx
1999,2.0,118.95974459697459,2025-09-28 18:01:46.794925,Mexico_Policy_Uncertainty_Data.xlsx
1999,3.0,103.17930848910049,2025-09-28 18:01:46.794925,Mexico_Policy_Uncertainty_Data.xlsx
1999,4.0,146.26162911096196,2025-09-28 18:01:46.794925,Mexico_Policy_Uncertainty_Data.xlsx
1999,5.0,98.19577008512739,2025-09-28 18:01:46.794925,Mexico_Policy_Uncertainty_Data.xlsx
1999,6.0,138.15171561330263,2025-09-28 18:01:46.794925,Mexico_Policy_Uncertainty_Data.xlsx
1999,7.0,119.38518060090826,2025-09-28 18:01:46.794925,Mexico_Policy_Uncertainty_Data.xlsx
1999,8.0,170.24945719317915,2025-09-28 18:01:46.794925,Mexico_Policy_Uncertainty_Data.xlsx
1999,9.0,250.08889776692135,2025-09-28 18:01:46.794925,Mexico_Policy_Uncertainty_Data.xlsx
1999,10.0,154.5662495540006,2025-09-28 18:01:46.794925,Mexico_Policy_Uncertainty_Data.xlsx
1999,11.0,125.08417548307345,2025-09-28 18:01:46.794925,Mexico_Policy_Uncertainty_Data.xlsx
1999,12.0,160.17131029398374,2025-09-28 18:01:46.794925,Mexico_Policy_Uncertainty_Data.xlsx
2000,1.0,161.02013423197275,2025-09-28 18:01:46.794925,Mexico_Policy_Uncertainty_Data.xlsx
2000,2.0,157.84092026218258,2025-09-28 18:01:46.794925,Mexico_Policy_Uncertainty_Data.xlsx
2000,3.0,90.80582313502407,2025-09-28 18:01:46.794925,Mexico_Policy_Uncertainty_Data.xlsx
2000,4.0,93.59448738033126,2025-09-28 18:01:46.794925,Mexico_Policy_Uncertainty_Data.xlsx
2000,5.0,136.35006115512172,2025-09-28 18:01:46.794925,Mexico_Policy_Uncertainty_Data.xlsx
2000,6.0,216.03891949007564,2025-09-28 18:01:46.794925,Mexico_Policy_Uncertainty_Data.xlsx
2000,7.0,125.40429876563192,2025-09-28 18:01:46.794925,Mexico_Policy_Uncertainty_Data.xlsx
2000,8.0,89.63743155773777,2025-09-28 18:01:46.794925,Mexico_Policy_Uncertainty_Data.xlsx
2000,9.0,89.93564029822309,2025-09-28 18:01:46.794925,Mexico_Policy_Uncertainty_Data.xlsx
2000,10.0,117.68753634638054,2025-09-28 18:01:46.794925,Mexico_Policy_Uncertainty_Data.xlsx
2000,11.0,172.7514844496277,2025-09-28 18:01:46.794925,Mexico_Policy_Uncertainty_Data.xlsx
2000,12.0,95.6620515016658,2025-09-28 18:01:46.794925,Mexico_Policy_Uncertainty_Data.xlsx
2001,1.0,161.43063557705847,2025-09-28 18:01:46.794925,Mexico_Policy_Uncertainty_Data.xlsx
2001,2.0,92.36227883120986,2025-09-28 18:01:46.794925,Mexico_Policy_Uncertainty_Data.xlsx
2001,3.0,93.74991524019983,2025-09-28 18:01:46.794925,Mexico_Policy_Uncertainty_Data.xlsx
2001,4.0,113.58339146921566,2025-09-28 18:01:46.794925,Mexico_Policy_Uncertainty_Data.xlsx
2001,5.0,153.34516535826927,2025-09-28 18:01:46.794925,Mexico_Policy_Uncertainty_Data.xlsx
2001,6.0,86.54521800783598,2025-09-28 18:01:46.794925,Mexico_Policy_Uncertainty_Data.xlsx
2001,7.0,88.25765094692737,2025-09-28 18:01:46.794925,Mexico_Policy_Uncertainty_Data.xlsx
2001,8.0,105.16073381946545,2025-09-28 18:01:46.794925,Mexico_Policy_Uncertainty_Data.xlsx
2001,9.0,333.24824993527386,2025-09-28 18:01:46.794925,Mexico_Policy_Uncertainty_Data.xlsx
2001,10.0,328.67236051395093,2025-09-28 18:01:46.794925,Mexico_Policy_Uncertainty_Data.xlsx
2001,11.0,198.3217808812801,2025-09-28 18:01:46.794925,Mexico_Policy_Uncertainty_Data.xlsx
2001,12.0,231.98385022352767,2025-09-28 18:01:46.794925,Mexico_Policy_Uncertainty_Data.xlsx
2002,1.0,225.66810354847067,2025-09-28 18:01:46.794925,Mexico_Policy_Uncertainty_Data.xlsx
2002,2.0,119.25466810208547,2025-09-28 18:01:46.794925,Mexico_Policy_Uncertainty_Data.xlsx
2002,3.0,109.82916098909126,2025-09-28 18:01:46.794925,Mexico_Policy_Uncertainty_Data.xlsx
2002,4.0,107.71403570831207,2025-09-28 18:01:46.794925,Mexico_Policy_Uncertainty_Data.xlsx
2002,5.0,110.91159183323767,2025-09-28 18:01:46.794925,Mexico_Policy_Uncertainty_Data.xlsx
2002,6.0,113.86771833740474,2025-09-28 18:01:46.794925,Mexico_Policy_Uncertainty_Data.xlsx
2002,7.0,184.69084309166203,2025-09-28 18:01:46.794925,Mexico_Policy_Uncertainty_Data.xlsx
2002,8.0,215.44584328052375,2025-09-28 18:01:46.794925,Mexico_Policy_Uncertainty_Data.xlsx
2002,9.0,208.54938333594822,2025-09-28 18:01:46.794925,Mexico_Policy_Uncertainty_Data.xlsx
2002,10.0,177.29067032461793,2025-09-28 18:01:46.794925,Mexico_Policy_Uncertainty_Data.xlsx
2002,11.0,178.856933013216,2025-09-28 18:01:46.794925,Mexico_Policy_Uncertainty_Data.xlsx
2002,12.0,168.95693389586367,2025-09-28 18:01:46.794925,Mexico_Policy_Uncertainty_Data.xlsx
2003,1.0,369.95697464365486,2025-09-28 18:01:46.794925,Mexico_Policy_Uncertainty_Data.xlsx
2003,2.0,364.07626787597593,2025-09-28 18:01:46.794925,Mexico_Policy_Uncertainty_Data.xlsx
2003,3.0,428.7254570374136,2025-09-28 18:01:46.794925,Mexico_Policy_Uncertainty_Data.xlsx
2003,4.0,234.80729510807686,2025-09-28 18:01:46.794925,Mexico_Policy_Uncertainty_Data.xlsx
2003,5.0,139.31793964137574,2025-09-28 18:01:46.794925,Mexico_Policy_Uncertainty_Data.xlsx
2003,6.0,89.6962725668734,2025-09-28 18:01:46.794925,Mexico_Policy_Uncertainty_Data.xlsx
2003,7.0,112.15218633498516,2025-09-28 18:01:46.794925,Mexico_Policy_Uncertainty_Data.xlsx
2003,8.0,113.35599137167023,2025-09-28 18:01:46.794925,Mexico_Policy_Uncertainty_Data.xlsx
2003,9.0,101.91693677960052,2025-09-28 18:01:46.794925,Mexico_Policy_Uncertainty_Data.xlsx
2003,10.0,80.29391427457703,2025-09-28 18:01:46.794925,Mexico_Policy_Uncertainty_Data.xlsx
2003,11.0,158.12443189904488,2025-09-28 18:01:46.794925,Mexico_Policy_Uncertainty_Data.xlsx
2003,12.0,235.26996647095874,2025-09-28 18:01:46.794925,Mexico_Policy_Uncertainty_Data.xlsx
2004,1.0,130.3476793198754,2025-09-28 18:01:46.794925,Mexico_Policy_Uncertainty_Data.xlsx
2004,2.0,86.73388296919086,2025-09-28 18:01:46.794925,Mexico_Policy_Uncertainty_Data.xlsx
2004,3.0,86.3682595231881,2025-09-28 18:01:46.794925,Mexico_Policy_Uncertainty_Data.xlsx
2004,4.0,80.957883404451,2025-09-28 18:01:46.794925,Mexico_Policy_Uncertainty_Data.xlsx
2004,5.0,131.65877402139967,2025-09-28 18:01:46.794925,Mexico_Policy_Uncertainty_Data.xlsx
2004,6.0,57.19775307877466,2025-09-28 18:01:46.794925,Mexico_Policy_Uncertainty_Data.xlsx
2004,7.0,96.35328111282581,2025-09-28 18:01:46.794925,Mexico_Policy_Uncertainty_Data.xlsx
2004,8.0,64.069020380675,2025-09-28 18:01:46.794925,Mexico_Policy_Uncertainty_Data.xlsx
2004,9.0,43.78815353595256,2025-09-28 18:01:46.794925,Mexico_Policy_Uncertainty_Data.xlsx
2004,10.0,110.62260684658472,2025-09-28 18:01:46.794925,Mexico_Policy_Uncertainty_Data.xlsx
2004,11.0,122.51591459955095,2025-09-28 18:01:46.794925,Mexico_Policy_Uncertainty_Data.xlsx
2004,12.0,114.96237559509576,2025-09-28 18:01:46.794925,Mexico_Policy_Uncertainty_Data.xlsx
2005,1.0,109.54149827616546,2025-09-28 18:01:46.794925,Mexico_Policy_Uncertainty_Data.xlsx
2005,2.0,61.47756668577529,2025-09-28 18:01:46.794925,Mexico_Policy_Uncertainty_Data.xlsx
2005,3.0,46.86774260398718,2025-09-28 18:01:46.794925,Mexico_Policy_Uncertainty_Data.xlsx
2005,4.0,165.1391041167802,2025-09-28 18:01:46.794925,Mexico_Policy_Uncertainty_Data.xlsx
2005,5.0,87.64536664308235,2025-09-28 18:01:46.794925,Mexico_Policy_Uncertainty_Data.xlsx
2005,6.0,54.37202578510644,2025-09-28 18:01:46.794925,Mexico_Policy_Uncertainty_Data.xlsx
2005,7.0,86.16555724691237,2025-09-28 18:01:46.794925,Mexico_Policy_Uncertainty_Data.xlsx
2005,8.0,74.61248056358284,2025-09-28 18:01:46.794925,Mexico_Policy_Uncertainty_Data.xlsx
2005,9.0,64.4626495052826,2025-09-28 18:01:46.794925,Mexico_Policy_Uncertainty_Data.xlsx
2005,10.0,101.8532585534426,2025-09-28 18:01:46.794925,Mexico_Policy_Uncertainty_Data.xlsx
2005,11.0,52.53546092973388,2025-09-28 18:01:46.794925,Mexico_Policy_Uncertainty_Data.xlsx
2005,12.0,64.66318541124795,2025-09-28 18:01:46.794925,Mexico_Policy_Uncertainty_Data.xlsx
2006,1.0,70.89008636615692,2025-09-28 18:01:46.794925,Mexico_Policy_Uncertainty_Data.xlsx
2006,2.0,31.33762760547567,2025-09-28 18:01:46.794925,Mexico_Policy_Uncertainty_Data.xlsx
2006,3.0,72.82233934229902,2025-09-28 18:01:46.794925,Mexico_Policy_Uncertainty_Data.xlsx
2006,4.0,62.484234829270804,2025-09-28 18:01:46.794925,Mexico_Policy_Uncertainty_Data.xlsx
2006,5.0,75.97655326046673,2025-09-28 18:01:46.794925,Mexico_Policy_Uncertainty_Data.xlsx
2006,6.0,107.51695852642031,2025-09-28 18:01:46.794925,Mexico_Policy_Uncertainty_Data.xlsx
2006,7.0,85.03845058538356,2025-09-28 18:01:46.794925,Mexico_Policy_Uncertainty_Data.xlsx
2006,8.0,73.08830450939635,2025-09-28 18:01:46.794925,Mexico_Policy_Uncertainty_Data.xlsx
2006,9.0,35.39987576241268,2025-09-28 18:01:46.794925,Mexico_Policy_Uncertainty_Data.xlsx
2006,10.0,39.09672042813951,2025-09-28 18:01:46.794925,Mexico_Policy_Uncertainty_Data.xlsx
2006,11.0,51.20937571782528,2025-09-28 18:01:46.794925,Mexico_Policy_Uncertainty_Data.xlsx
2006,12.0,34.39215019135284,2025-09-28 18:01:46.794925,Mexico_Policy_Uncertainty_Data.xlsx
2007,1.0,36.19042311355906,2025-09-28 18:01:46.794925,Mexico_Policy_Uncertainty_Data.xlsx
2007,2.0,40.19172422600977,2025-09-28 18:01:46.794925,Mexico_Policy_Uncertainty_Data.xlsx
2007,3.0,32.91698237051057,2025-09-28 18:01:46.794925,Mexico_Policy_Uncertainty_Data.xlsx
2007,4.0,8.508974751185457,2025-09-28 18:01:46.794925,Mexico_Policy_Uncertainty_Data.xlsx
2007,5.0,85.216930429287,2025-09-28 18:01:46.794925,Mexico_Policy_Uncertainty_Data.xlsx
2007,6.0,89.33470867363454,2025-09-28 18:01:46.794925,Mexico_Policy_Uncertainty_Data.xlsx
2007,7.0,44.025523284867305,2025-09-28 18:01:46.794925,Mexico_Policy_Uncertainty_Data.xlsx
2007,8.0,93.70981698507248,2025-09-28 18:01:46.794925,Mexico_Policy_Uncertainty_Data.xlsx
2007,9.0,69.62111657377761,2025-09-28 18:01:46.794925,Mexico_Policy_Uncertainty_Data.xlsx
2007,10.0,66.78520081017018,2025-09-28 18:01:46.794925,Mexico_Policy_Uncertainty_Data.xlsx
2007,11.0,67.22287371981137,2025-09-28 18:01:46.794925,Mexico_Policy_Uncertainty_Data.xlsx
2007,12.0,90.0562958347878,2025-09-28 18:01:46.794925,Mexico_Policy_Uncertainty_Data.xlsx
2008,1.0,107.64438312693937,2025-09-28 18:01:46.794925,Mexico_Policy_Uncertainty_Data.xlsx
2008,2.0,49.85234542416611,2025-09-28 18:01:46.794925,Mexico_Policy_Uncertainty_Data.xlsx
2008,3.0,49.7280218161537,2025-09-28 18:01:46.794925,Mexico_Policy_Uncertainty_Data.xlsx
2008,4.0,63.56647756686399,2025-09-28 18:01:46.794925,Mexico_Policy_Uncertainty_Data.xlsx
2008,5.0,51.381887848769715,2025-09-28 18:01:46.794925,Mexico_Policy_Uncertainty_Data.xlsx
2008,6.0,71.72769485999999,2025-09-28 18:01:46.794925,Mexico_Policy_Uncertainty_Data.xlsx
2008,7.0,63.077580849714195,2025-09-28 18:01:46.794925,Mexico_Policy_Uncertainty_Data.xlsx
2008,8.0,65.43401456023211,2025-09-28 18:01:46.794925,Mexico_Policy_Uncertainty_Data.xlsx
2008,9.0,86.68493040529418,2025-09-28 18:01:46.794925,Mexico_Policy_Uncertainty_Data.xlsx
2008,10.0,149.631753522375,2025-09-28 18:01:46.794925,Mexico_Policy_Uncertainty_Data.xlsx
2008,11.0,112.3501158401983,2025-09-28 18:01:46.794925,Mexico_Policy_Uncertainty_Data.xlsx
2008,12.0,105.6292262194961,2025-09-28 18:01:46.794925,Mexico_Policy_Uncertainty_Data.xlsx
2009,1.0,126.5903406144318,2025-09-28 18:01:46.794925,Mexico_Policy_Uncertainty_Data.xlsx
2009,2.0,185.57082926662,2025-09-28 18:01:46.794925,Mexico_Policy_Uncertainty_Data.xlsx
2009,3.0,95.41922196179519,2025-09-28 18:01:46.794925,Mexico_Policy_Uncertainty_Data.xlsx
2009,4.0,63.58184541284173,2025-09-28 18:01:46.794925,Mexico_Policy_Uncertainty_Data.xlsx
2009,5.0,57.851179257031205,2025-09-28 18:01:46.794925,Mexico_Policy_Uncertainty_Data.xlsx
2009,6.0,58.05732565448347,2025-09-28 18:01:46.794925,Mexico_Policy_Uncertainty_Data.xlsx
2009,7.0,35.303709433493445,2025-09-28 18:01:46.794925,Mexico_Policy_Uncertainty_Data.xlsx
2009,8.0,41.52625984300474,2025-09-28 18:01:46.794925,Mexico_Policy_Uncertainty_Data.xlsx
2009,9.0,77.92684882834017,2025-09-28 18:01:46.794925,Mexico_Policy_Uncertainty_Data.xlsx
2009,10.0,85.38106902102265,2025-09-28 18:01:46.794925,Mexico_Policy_Uncertainty_Data.xlsx
2009,11.0,60.357112821362115,2025-09-28 18:01:46.794925,Mexico_Policy_Uncertainty_Data.xlsx
2009,12.0,57.138561792592554,2025-09-28 18:01:46.794925,Mexico_Policy_Uncertainty_Data.xlsx
2010,1.0,102.5767700103908,2025-09-28 18:01:46.794925,Mexico_Policy_Uncertainty_Data.xlsx
2010,2.0,42.24798455550243,2025-09-28 18:01:46.794925,Mexico_Policy_Uncertainty_Data.xlsx
2010,3.0,41.271404346439496,2025-09-28 18:01:46.794925,Mexico_Policy_Uncertainty_Data.xlsx
2010,4.0,86.82881805670402,2025-09-28 18:01:46.794925,Mexico_Policy_Uncertainty_Data.xlsx
2010,5.0,115.21094448157679,2025-09-28 18:01:46.794925,Mexico_Policy_Uncertainty_Data.xlsx
2010,6.0,45.00507585183824,2025-09-28 18:01:46.794925,Mexico_Policy_Uncertainty_Data.xlsx
2010,7.0,81.62571676228026,2025-09-28 18:01:46.794925,Mexico_Policy_Uncertainty_Data.xlsx
2010,8.0,62.42527048864155,2025-09-28 18:01:46.794925,Mexico_Policy_Uncertainty_Data.xlsx
2010,9.0,59.98311277674519,2025-09-28 18:01:46.794925,Mexico_Policy_Uncertainty_Data.xlsx
2010,10.0,107.32536351539812,2025-09-28 18:01:46.794925,Mexico_Policy_Uncertainty_Data.xlsx
2010,11.0,54.69549462075398,2025-09-28 18:01:46.794925,Mexico_Policy_Uncertainty_Data.xlsx
2010,12.0,44.01326802011588,2025-09-28 18:01:46.794925,Mexico_Policy_Uncertainty_Data.xlsx
2011,1.0,58.655428484643416,2025-09-28 18:01:46.794925,Mexico_Policy_Uncertainty_Data.xlsx
2011,2.0,50.25858381740637,2025-09-28 18:01:46.794925,Mexico_Policy_Uncertainty_Data.xlsx
2011,3.0,64.54344606879978,2025-09-28 18:01:46.794925,Mexico_Policy_Uncertainty_Data.xlsx
2011,4.0,48.892855828391056,2025-09-28 18:01:46.794925,Mexico_Policy_Uncertainty_Data.xlsx
2011,5.0,37.71227489867631,2025-09-28 18:01:46.794925,Mexico_Policy_Uncertainty_Data.xlsx
2011,6.0,69.66203907291842,2025-09-28 18:01:46.794925,Mexico_Policy_Uncertainty_Data.xlsx
2011,7.0,80.08977048765216,2025-09-28 18:01:46.794925,Mexico_Policy_Uncertainty_Data.xlsx
2011,8.0,102.28373204338874,2025-09-28 18:01:46.794925,Mexico_Policy_Uncertainty_Data.xlsx
2011,9.0,81.09628579692969,2025-09-28 18:01:46.794925,Mexico_Policy_Uncertainty_Data.xlsx
2011,10.0,63.18464108982943,2025-09-28 18:01:46.794925,Mexico_Policy_Uncertainty_Data.xlsx
2011,11.0,95.00619695253513,2025-09-28 18:01:46.794925,Mexico_Policy_Uncertainty_Data.xlsx
2011,12.0,47.942313564169034,2025-09-28 18:01:46.794925,Mexico_Policy_Uncertainty_Data.xlsx
2012,1.0,68.6519628173204,2025-09-28 18:01:46.794925,Mexico_Policy_Uncertainty_Data.xlsx
2012,2.0,67.52161493359252,2025-09-28 18:01:46.794925,Mexico_Policy_Uncertainty_Data.xlsx
2012,3.0,43.30641315513694,2025-09-28 18:01:46.794925,Mexico_Policy_Uncertainty_Data.xlsx
2012,4.0,32.63353171152402,2025-09-28 18:01:46.794925,Mexico_Policy_Uncertainty_Data.xlsx
2012,5.0,66.30916198286303,2025-09-28 18:01:46.794925,Mexico_Policy_Uncertainty_Data.xlsx
2012,6.0,67.71946450568895,2025-09-28 18:01:46.794925,Mexico_Policy_Uncertainty_Data.xlsx
2012,7.0,48.794825527868326,2025-09-28 18:01:46.794925,Mexico_Policy_Uncertainty_Data.xlsx
2012,8.0,47.963065097204606,2025-09-28 18:01:46.794925,Mexico_Policy_Uncertainty_Data.xlsx
2012,9.0,45.94752775264608,2025-09-28 18:01:46.794925,Mexico_Policy_Uncertainty_Data.xlsx
2012,10.0,57.2613196266181,2025-09-28 18:01:46.794925,Mexico_Policy_Uncertainty_Data.xlsx
2012,11.0,41.81522161969489,2025-09-28 18:01:46.794925,Mexico_Policy_Uncertainty_Data.xlsx
2012,12.0,59.80223263524104,2025-09-28 18:01:46.794925,Mexico_Policy_Uncertainty_Data.xlsx
2013,1.0,67.06057445581781,2025-09-28 18:01:46.794925,Mexico_Policy_Uncertainty_Data.xlsx
2013,2.0,36.01390132518956,2025-09-28 18:01:46.794925,Mexico_Policy_Uncertainty_Data.xlsx
2013,3.0,30.59160794166148,2025-09-28 18:01:46.794925,Mexico_Policy_Uncertainty_Data.xlsx
2013,4.0,24.387869154264916,2025-09-28 18:01:46.794925,Mexico_Policy_Uncertainty_Data.xlsx
2013,5.0,27.58124163738443,2025-09-28 18:01:46.794925,Mexico_Policy_Uncertainty_Data.xlsx
2013,6.0,45.01886812697289,2025-09-28 18:01:46.794925,Mexico_Policy_Uncertainty_Data.xlsx
2013,7.0,71.34398171248371,2025-09-28 18:01:46.794925,Mexico_Policy_Uncertainty_Data.xlsx
2013,8.0,37.259396662375394,2025-09-28 18:01:46.794925,Mexico_Policy_Uncertainty_Data.xlsx
2013,9.0,49.418029238951476,2025-09-28 18:01:46.794925,Mexico_Policy_Uncertainty_Data.xlsx
2013,10.0,79.34555354624932,2025-09-28 18:01:46.794925,Mexico_Policy_Uncertainty_Data.xlsx
2013,11.0,49.47553751290242,2025-09-28 18:01:46.794925,Mexico_Policy_Uncertainty_Data.xlsx
2013,12.0,15.295198599260292,2025-09-28 18:01:46.794925,Mexico_Policy_Uncertainty_Data.xlsx
2014,1.0,46.55311457736281,2025-09-28 18:01:46.794925,Mexico_Policy_Uncertainty_Data.xlsx
2014,2.0,37.62532821740122,2025-09-28 18:01:46.794925,Mexico_Policy_Uncertainty_Data.xlsx
2014,3.0,25.80053875374473,2025-09-28 18:01:46.794925,Mexico_Policy_Uncertainty_Data.xlsx
2014,4.0,21.63243989053726,2025-09-28 18:01:46.794925,Mexico_Policy_Uncertainty_Data.xlsx
2014,5.0,32.30870856966192,2025-09-28 18:01:46.794925,Mexico_Policy_Uncertainty_Data.xlsx
2014,6.0,30.657214601001353,2025-09-28 18:01:46.794925,Mexico_Policy_Uncertainty_Data.xlsx
2014,7.0,12.090349864315042,2025-09-28 18:01:46.794925,Mexico_Policy_Uncertainty_Data.xlsx
2014,8.0,27.675089355205117,2025-09-28 18:01:46.794925,Mexico_Policy_Uncertainty_Data.xlsx
2014,9.0,12.94737373069538,2025-09-28 18:01:46.794925,Mexico_Policy_Uncertainty_Data.xlsx
2014,10.0,30.872518539084425,2025-09-28 18:01:46.794925,Mexico_Policy_Uncertainty_Data.xlsx
2014,11.0,19.503297083225426,2025-09-28 18:01:46.794925,Mexico_Policy_Uncertainty_Data.xlsx
2014,12.0,26.34499862656129,2025-09-28 18:01:46.794925,Mexico_Policy_Uncertainty_Data.xlsx
2015,1.0,31.711336926933786,2025-09-28 18:01:46.794925,Mexico_Policy_Uncertainty_Data.xlsx
2015,2.0,22.28947083889465,2025-09-28 18:01:46.794925,Mexico_Policy_Uncertainty_Data.xlsx
2015,3.0,37.876564705477726,2025-09-28 18:01:46.794925,Mexico_Policy_Uncertainty_Data.xlsx
2015,4.0,18.375567624938963,2025-09-28 18:01:46.794925,Mexico_Policy_Uncertainty_Data.xlsx
2015,5.0,26.27943728913297,2025-09-28 18:01:46.794925,Mexico_Policy_Uncertainty_Data.xlsx
2015,6.0,35.39497226799851,2025-09-28 18:01:46.794925,Mexico_Policy_Uncertainty_Data.xlsx
2015,7.0,40.53707449325389,2025-09-28 18:01:46.794925,Mexico_Policy_Uncertainty_Data.xlsx
2015,8.0,51.36443484168305,2025-09-28 18:01:46.794925,Mexico_Policy_Uncertainty_Data.xlsx
2015,9.0,56.28963952513516,2025-09-28 18:01:46.794925,Mexico_Policy_Uncertainty_Data.xlsx
2015,10.0,26.353205030090344,2025-09-28 18:01:46.794925,Mexico_Policy_Uncertainty_Data.xlsx
2015,11.0,13.533063201290666,2025-09-28 18:01:46.794925,Mexico_Policy_Uncertainty_Data.xlsx
2015,12.0,30.03646651464994,2025-09-28 18:01:46.794925,Mexico_Policy_Uncertainty_Data.xlsx
2016,1.0,53.313437195621695,2025-09-28 18:01:46.794925,Mexico_Policy_Uncertainty_Data.xlsx
2016,2.0,41.25225588857349,2025-09-28 18:01:46.794925,Mexico_Policy_Uncertainty_Data.xlsx
2016,3.0,40.6359952737883,2025-09-28 18:01:46.794925,Mexico_Policy_Uncertainty_Data.xlsx
2016,4.0,29.300710167559203,2025-09-28 18:01:46.794925,Mexico_Policy_Uncertainty_Data.xlsx
2016,5.0,24.358337545510928,2025-09-28 18:01:46.794925,Mexico_Policy_Uncertainty_Data.xlsx
2016,6.0,52.31668484018083,2025-09-28 18:01:46.794925,Mexico_Policy_Uncertainty_Data.xlsx
2016,7.0,34.59252140957218,2025-09-28 18:01:46.794925,Mexico_Policy_Uncertainty_Data.xlsx
2016,8.0,27.210355630073792,2025-09-28 18:01:46.794925,Mexico_Policy_Uncertainty_Data.xlsx
2016,9.0,47.65531638908002,2025-09-28 18:01:46.794925,Mexico_Policy_Uncertainty_Data.xlsx
2016,10.0,47.58549766356053,2025-09-28 18:01:46.794925,Mexico_Policy_Uncertainty_Data.xlsx
2016,11.0,89.25954907951622,2025-09-28 18:01:46.794925,Mexico_Policy_Uncertainty_Data.xlsx
2016,12.0,108.77404465597604,2025-09-28 18:01:46.794925,Mexico_Policy_Uncertainty_Data.xlsx
2017,1.0,161.46822549445062,2025-09-28 18:01:46.794925,Mexico_Policy_Uncertainty_Data.xlsx
2017,2.0,99.24703755369127,2025-09-28 18:01:46.794925,Mexico_Policy_Uncertainty_Data.xlsx
2017,3.0,69.89384801077814,2025-09-28 18:01:46.794925,Mexico_Policy_Uncertainty_Data.xlsx
2017,4.0,48.14061572551249,2025-09-28 18:01:46.794925,Mexico_Policy_Uncertainty_Data.xlsx
2017,5.0,61.229022870037056,2025-09-28 18:01:46.794925,Mexico_Policy_Uncertainty_Data.xlsx
2017,6.0,42.05119538825183,2025-09-28 18:01:46.794925,Mexico_Policy_Uncertainty_Data.xlsx
2017,7.0,23.745011828265863,2025-09-28 18:01:46.794925,Mexico_Policy_Uncertainty_Data.xlsx
2017,8.0,52.71893553451954,2025-09-28 18:01:46.794925,Mexico_Policy_Uncertainty_Data.xlsx
2017,9.0,27.02212216413927,2025-09-28 18:01:46.794925,Mexico_Policy_Uncertainty_Data.xlsx
2017,10.0,67.03946593367142,2025-09-28 18:01:46.794925,Mexico_Policy_Uncertainty_Data.xlsx
2017,11.0,63.94220009908923,2025-09-28 18:01:46.794925,Mexico_Policy_Uncertainty_Data.xlsx
2017,12.0,59.61513843475345,2025-09-28 18:01:46.794925,Mexico_Policy_Uncertainty_Data.xlsx
2018,1.0,66.29480293579725,2025-09-28 18:01:46.794925,Mexico_Policy_Uncertainty_Data.xlsx
2018,2.0,54.96923229933992,2025-09-28 18:01:46.794925,Mexico_Policy_Uncertainty_Data.xlsx
2018,3.0,45.432122011675496,2025-09-28 18:01:46.794925,Mexico_Policy_Uncertainty_Data.xlsx
2018,4.0,56.69057946999486,2025-09-28 18:01:46.794925,Mexico_Policy_Uncertainty_Data.xlsx
2018,5.0,84.17989782805044,2025-09-28 18:01:46.794925,Mexico_Policy_Uncertainty_Data.xlsx
2018,6.0,75.62917460616492,2025-09-28 18:01:46.794925,Mexico_Policy_Uncertainty_Data.xlsx
2018,7.0,44.1575806503158,2025-09-28 18:01:46.794925,Mexico_Policy_Uncertainty_Data.xlsx
2018,8.0,73.36435419419047,2025-09-28 18:01:46.794925,Mexico_Policy_Uncertainty_Data.xlsx
2018,9.0,48.74727601038611,2025-09-28 18:01:46.794925,Mexico_Policy_Uncertainty_Data.xlsx
2018,10.0,86.68230713200627,2025-09-28 18:01:46.794925,Mexico_Policy_Uncertainty_Data.xlsx
2018,11.0,128.89160521637862,2025-09-28 18:01:46.794925,Mexico_Policy_Uncertainty_Data.xlsx
2018,12.0,61.20571478404347,2025-09-28 18:01:46.794925,Mexico_Policy_Uncertainty_Data.xlsx
2019,1.0,83.45544648970707,2025-09-28 18:01:46.794925,Mexico_Policy_Uncertainty_Data.xlsx
2019,2.0,106.42291851292491,2025-09-28 18:01:46.794925,Mexico_Policy_Uncertainty_Data.xlsx
2019,3.0,82.30194198042888,2025-09-28 18:01:46.794925,Mexico_Policy_Uncertainty_Data.xlsx
2019,4.0,50.411853324628694,2025-09-28 18:01:46.794925,Mexico_Policy_Uncertainty_Data.xlsx
2019,5.0,70.57819582073257,2025-09-28 18:01:46.794925,Mexico_Policy_Uncertainty_Data.xlsx
2019,6.0,97.639585119967,2025-09-28 18:01:46.794925,Mexico_Policy_Uncertainty_Data.xlsx
2019,7.0,73.01489448284993,2025-09-28 18:01:46.794925,Mexico_Policy_Uncertainty_Data.xlsx
2019,8.0,117.06529494936532,2025-09-28 18:01:46.794925,Mexico_Policy_Uncertainty_Data.xlsx
2019,9.0,112.92948359112893,2025-09-28 18:01:46.794925,Mexico_Policy_Uncertainty_Data.xlsx
2019,10.0,97.53976897637953,2025-09-28 18:01:46.794925,Mexico_Policy_Uncertainty_Data.xlsx
2019,11.0,106.20496053650959,2025-09-28 18:01:46.794925,Mexico_Policy_Uncertainty_Data.xlsx
2019,12.0,130.48063912649573,2025-09-28 18:01:46.794925,Mexico_Policy_Uncertainty_Data.xlsx
2020,1.0,110.98279000398534,2025-09-28 18:01:46.794925,Mexico_Policy_Uncertainty_Data.xlsx
2020,2.0,89.10796883608548,2025-09-28 18:01:46.794925,Mexico_Policy_Uncertainty_Data.xlsx
2020,3.0,143.0392389511395,2025-09-28 18:01:46.794925,Mexico_Policy_Uncertainty_Data.xlsx
2020,4.0,155.528490922257,2025-09-28 18:01:46.794925,Mexico_Policy_Uncertainty_Data.xlsx
2020,5.0,113.72834046867126,2025-09-28 18:01:46.794925,Mexico_Policy_Uncertainty_Data.xlsx
2020,6.0,104.16645784120135,2025-09-28 18:01:46.794925,Mexico_Policy_Uncertainty_Data.xlsx
2020,7.0,48.36795710650228,2025-09-28 18:01:46.794925,Mexico_Policy_Uncertainty_Data.xlsx
2020,8.0,69.90359703354034,2025-09-28 18:01:46.794925,Mexico_Policy_Uncertainty_Data.xlsx
2020,9.0,65.69602528868637,2025-09-28 18:01:46.794925,Mexico_Policy_Uncertainty_Data.xlsx
2020,10.0,69.03883507001231,2025-09-28 18:01:46.794925,Mexico_Policy_Uncertainty_Data.xlsx
2020,11.0,73.8865564228552,2025-09-28 18:01:46.794925,Mexico_Policy_Uncertainty_Data.xlsx
2020,12.0,78.49791540341708,2025-09-28 18:01:46.794925,Mexico_Policy_Uncertainty_Data.xlsx
2021,1.0,111.12366872895511,2025-09-28 18:01:46.794925,Mexico_Policy_Uncertainty_Data.xlsx
2021,2.0,74.06746545577806,2025-09-28 18:01:46.794925,Mexico_Policy_Uncertainty_Data.xlsx
2021,3.0,91.16689421686581,2025-09-28 18:01:46.794925,Mexico_Policy_Uncertainty_Data.xlsx
2021,4.0,69.6693234280538,2025-09-28 18:01:46.794925,Mexico_Policy_Uncertainty_Data.xlsx
2021,5.0,78.603222160704,2025-09-28 18:01:46.794925,Mexico_Policy_Uncertainty_Data.xlsx
2021,6.0,74.3117365366792,2025-09-28 18:01:46.794925,Mexico_Policy_Uncertainty_Data.xlsx
2021,7.0,64.23336681057651,2025-09-28 18:01:46.794925,Mexico_Policy_Uncertainty_Data.xlsx
2021,8.0,37.98455923990453,2025-09-28 18:01:46.794925,Mexico_Policy_Uncertainty_Data.xlsx
2021,9.0,54.35100182252835,2025-09-28 18:01:46.794925,Mexico_Policy_Uncertainty_Data.xlsx
2021,10.0,69.47987906202171,2025-09-28 18:01:46.794925,Mexico_Policy_Uncertainty_Data.xlsx
2021,11.0,86.74360226610264,2025-09-28 18:01:46.794925,Mexico_Policy_Uncertainty_Data.xlsx
2021,12.0,49.097593029597434,2025-09-28 18:01:46.794925,Mexico_Policy_Uncertainty_Data.xlsx
2022,1.0,85.1344894622657,2025-09-28 18:01:46.794925,Mexico_Policy_Uncertainty_Data.xlsx
2022,2.0,81.5931650434235,2025-09-28 18:01:46.794925,Mexico_Policy_Uncertainty_Data.xlsx
2022,3.0,85.25172120790413,2025-09-28 18:01:46.794925,Mexico_Policy_Uncertainty_Data.xlsx
2022,4.0,102.83195580845388,2025-09-28 18:01:46.794925,Mexico_Policy_Uncertainty_Data.xlsx
2022,5.0,42.381061473844724,2025-09-28 18:01:46.794925,Mexico_Policy_Uncertainty_Data.xlsx
2022,6.0,40.428121683252854,2025-09-28 18:01:46.794925,Mexico_Policy_Uncertainty_Data.xlsx
2022,7.0,66.26282401474752,2025-09-28 18:01:46.794925,Mexico_Policy_Uncertainty_Data.xlsx
2022,8.0,84.41846752239063,2025-09-28 18:01:46.794925,Mexico_Policy_Uncertainty_Data.xlsx
2022,9.0,104.56990074652369,2025-09-28 18:01:46.794925,Mexico_Policy_Uncertainty_Data.xlsx
2022,10.0,75.8086543482457,2025-09-28 18:01:46.794925,Mexico_Policy_Uncertainty_Data.xlsx
2022,11.0,59.0616464679871,2025-09-28 18:01:46.794925,Mexico_Policy_Uncertainty_Data.xlsx
2022,12.0,60.04516103851396,2025-09-28 18:01:46.794925,Mexico_Policy_Uncertainty_Data.xlsx
2023,1.0,120.56540675824179,2025-09-28 18:01:46.794925,Mexico_Policy_Uncertainty_Data.xlsx
2023,2.0,49.85073148309039,2025-09-28 18:01:46.794925,Mexico_Policy_Uncertainty_Data.xlsx
2023,3.0,69.08277685462592,2025-09-28 18:01:46.794925,Mexico_Policy_Uncertainty_Data.xlsx
2023,4.0,52.7423723825824,2025-09-28 18:01:46.794925,Mexico_Policy_Uncertainty_Data.xlsx
2023,5.0,41.288807962282675,2025-09-28 18:01:46.794925,Mexico_Policy_Uncertainty_Data.xlsx
2023,6.0,71.96146771940178,2025-09-28 18:01:46.794925,Mexico_Policy_Uncertainty_Data.xlsx
2023,7.0,39.49342385433891,2025-09-28 18:01:46.794925,Mexico_Policy_Uncertainty_Data.xlsx
2023,8.0,29.665068788062342,2025-09-28 18:01:46.794925,Mexico_Policy_Uncertainty_Data.xlsx
2023,9.0,36.4840239588446,2025-09-28 18:01:46.794925,Mexico_Policy_Uncertainty_Data.xlsx
2023,10.0,52.53112253968204,2025-09-28 18:01:46.794925,Mexico_Policy_Uncertainty_Data.xlsx
2023,11.0,65.82919408104685,2025-09-28 18:01:46.794925,Mexico_Policy_Uncertainty_Data.xlsx
2023,12.0,33.99725605617066,2025-09-28 18:01:46.794925,Mexico_Policy_Uncertainty_Data.xlsx
2024,1.0,98.83051949559251,2025-09-28 18:01:46.794925,Mexico_Policy_Uncertainty_Data.xlsx
2024,2.0,45.32379624754543,2025-09-28 18:01:46.794925,Mexico_Policy_Uncertainty_Data.xlsx
2024,3.0,51.908516431323385,2025-09-28 18:01:46.794925,Mexico_Policy_Uncertainty_Data.xlsx
2024,4.0,57.106503559375874,2025-09-28 18:01:46.794925,Mexico_Policy_Uncertainty_Data.xlsx
2024,5.0,34.41989325431366,2025-09-28 18:01:46.794925,Mexico_Policy_Uncertainty_Data.xlsx
2024,6.0,106.91830550436843,2025-09-28 18:01:46.794925,Mexico_Policy_Uncertainty_Data.xlsx
2024,7.0,41.263237387435616,2025-09-28 18:01:46.794925,Mexico_Policy_Uncertainty_Data.xlsx
2024,8.0,91.31693006787354,2025-09-28 18:01:46.794925,Mexico_Policy_Uncertainty_Data.xlsx
2024,9.0,130.77949541978867,2025-09-28 18:01:46.794925,Mexico_Policy_Uncertainty_Data.xlsx
2024,10.0,144.74993804240052,2025-09-28 18:01:46.794925,Mexico_Policy_Uncertainty_Data.xlsx
2024,11.0,154.4253269895332,2025-09-28 18:01:46.794925,Mexico_Policy_Uncertainty_Data.xlsx
2024,12.0,151.90220251812184,2025-09-28 18:01:46.794925,Mexico_Policy_Uncertainty_Data.xlsx
2025,1.0,225.07234331374514,2025-09-28 18:01:46.794925,Mexico_Policy_Uncertainty_Data.xlsx
2025,2.0,342.6725656289119,2025-09-28 18:01:46.794925,Mexico_Policy_Uncertainty_Data.xlsx
2025,3.0,426.98671229230837,2025-09-28 18:01:46.794925,Mexico_Policy_Uncertainty_Data.xlsx
2025,4.0,420.647907098,2025-09-28 18:01:46.794925,Mexico_Policy_Uncertainty_Data.xlsx
2025,5.0,240.19003745211413,2025-09-28 18:01:46.794925,Mexico_Policy_Uncertainty_Data.xlsx
2025,6.0,176.67270793563986,2025-09-28 18:01:46.794925,Mexico_Policy_Uncertainty_Data.xlsx
2025,7.0,77.02714233450774,2025-09-28 18:01:46.794925,Mexico_Policy_Uncertainty_Data.xlsx
2025,8.0,110.5253936310114,2025-09-28 18:01:46.794925,Mexico_Policy_Uncertainty_Data.xlsx
