Tipo,Año,Mes,Índice (MXN/GJ),Índice (USD/MBtu),Tipo de cambio,Número de Comercializadores,Transacciones reportadas,Transacciones atípicas,Volumen comercializado total (GJ),fecha_procesamiento
IPGN,2018,Enero,78.1289,4.3379,19.0025,20,159,6,169033189.1,2025-09-28 18:09:10.244878
IPGN,2019,Enero,79.6786,4.3749,19.2154,23,286,13,205463002.7,2025-09-28 18:09:10.244878
IPGN,2020,Enero,52.0535,2.9203,18.806,24,298,37,199059083.1,2025-09-28 18:09:10.244878
IPGN,2021,Enero,63.9199,3.3908,19.8889,27,254,37,185882265.2,2025-09-28 18:09:10.244878
IPGN,2022,Enero,92.6408,4.7741,20.4734,29,314,10,182446927.6,2025-09-28 18:09:10.244878
IPGN,2023,Enero,90.7206,5.0261,19.0436,31,436,14,201966316.1,2025-09-28 18:09:10.244878
IPGN,2024,Enero,60.888,3.765,17.0626,27,377,14,209165238.1,2025-09-28 18:09:10.244878
IPGN,2025,Enero,84.81,4.3521,20.5599,32,419,14,236290629.5,2025-09-28 18:09:10.244878
IPGN,2018,Febrero,80.4542,4.5567,18.6282,22,153,7,162354004.8,2025-09-28 18:09:10.244878
IPGN,2019,Febrero,69.4891,3.8204,19.1902,22,297,13,186743113.5,2025-09-28 18:09:10.244878
IPGN,2020,Febrero,48.2574,2.7131,18.7664,23,313,42,183170543.8,2025-09-28 18:09:10.244878
IPGN,2021,Febrero,410.0189,21.3717,20.2415,26,262,30,163648186.6,2025-09-28 18:09:10.244878
IPGN,2022,Febrero,105.1,5.4138,20.4823,32,350,13,176235421.5,2025-09-28 18:09:10.244878
IPGN,2023,Febrero,58.5271,3.3124,18.6418,30,422,14,190515361.4,2025-09-28 18:09:10.244878
IPGN,2024,Febrero,42.1724,2.6021,17.0996,28,498,16,204511885.1,2025-09-28 18:09:10.244878
IPGN,2025,Febrero,70.4522,3.6328,20.4612,38,436,11,228546853.5,2025-09-28 18:09:10.244878
IPGN,2018,Marzo,68.8548,3.8882,18.6839,22,176,10,174857038.3,2025-09-28 18:09:10.244878
IPGN,2019,Marzo,57.3685,3.1469,19.2339,23,311,13,210576916.0,2025-09-28 18:09:10.244878
IPGN,2020,Marzo,46.2114,2.2193,21.969,22,330,38,182249779.8,2025-09-28 18:09:10.244878
IPGN,2021,Marzo,71.1911,3.6129,20.7895,30,340,62,215921791.4,2025-09-28 18:09:10.244878
IPGN,2022,Marzo,92.9422,4.7588,20.6061,31,344,11,196206334.9,2025-09-28 18:09:10.244878
IPGN,2023,Marzo,47.7043,2.7349,18.403,29,424,13,214569929.4,2025-09-28 18:09:10.244878
IPGN,2024,Marzo,30.4848,1.9094,16.8445,29,407,18,212871994.45,2025-09-28 18:09:10.244878
IPGN,2025,Marzo,61.1124,3.1843,20.2488,34,542,15,340535827.4,2025-09-28 18:09:10.244878
IPGN,2018,Abril,71.8538,4.1321,18.3464,20,180,5,154646713.7,2025-09-28 18:09:10.244878
IPGN,2019,Abril,51.9383,2.8806,19.0231,18,252,9,179868052.2,2025-09-28 18:09:10.244878
IPGN,2020,Abril,48.9707,2.1299,24.2579,26,326,52,187023821.3,2025-09-28 18:09:10.244878
IPGN,2021,Abril,64.1778,3.3766,20.0534,28,320,43,213479874.1,2025-09-28 18:09:10.244878
IPGN,2022,Abril,115.8555,6.0972,20.0475,31,408,17,211683979.6,2025-09-28 18:09:10.244878
IPGN,2023,Abril,42.7243,2.4919,18.0891,25,450,14,215509082.1,2025-09-28 18:09:10.244878
IPGN,2024,Abril,28.1815,1.7731,16.7691,28,394,15,216455987.9,2025-09-28 18:09:10.244878
IPGN,2025,Abril,59.8831,3.1373,20.1385,29,397,12,234468743.4,2025-09-28 18:09:10.244878
IPGN,2018,Mayo,74.3111,4.0228,19.4894,19,179,8,160445522.8,2025-09-28 18:09:10.244878
IPGN,2019,Mayo,54.301,3.0014,19.0883,23,303,7,229542463.41,2025-09-28 18:09:10.244878
IPGN,2020,Mayo,53.0901,2.3734,23.6004,23,288,39,146547078.6,2025-09-28 18:09:10.244878
IPGN,2021,Mayo,70.8951,3.7431,19.9829,33,409,52,233124249.1,2025-09-28 18:09:10.244878
IPGN,2022,Mayo,140.8607,7.3901,20.1101,30,390,22,227229287.8,2025-09-28 18:09:10.244878
IPGN,2023,Mayo,53.2013,3.1591,17.768,32,408,11,112632168.8,2025-09-28 18:09:10.244878
IPGN,2024,Mayo,30.6026,1.9218,16.8011,32,424,14,249964778.7,2025-09-28 18:09:10.244878
IPGN,2025,Mayo,53.5949,2.906,19.4585,32,403,12,251550082.8,2025-09-28 18:09:10.244878
IPGN,2018,Junio,74.7387,3.8824,20.3105,21,183,7,170329829.7,2025-09-28 18:09:10.244878
IPGN,2019,Junio,50.8769,2.7825,19.2912,21,243,5,233195999.92,2025-09-28 18:09:10.244878
IPGN,2020,Junio,49.02,2.3281,22.2153,24,290,35,186017228.1,2025-09-28 18:09:10.244878
IPGN,2021,Junio,66.9064,3.5231,20.0366,30,354,13,246756973.9,2025-09-28 18:09:10.244878
IPGN,2022,Junio,144.8,7.65,19.9743,29,397,13,223299730.0,2025-09-28 18:09:10.244878
IPGN,2023,Junio,57.8157,3.5274,17.293,29,282,7,96336348.31,2025-09-28 18:09:10.244878
IPGN,2024,Junio,42.3503,2.4708,18.0839,30,419,15,236657611.1,2025-09-28 18:09:10.244878
IPGN,2025,Junio,59.4758,3.289,19.0791,33,423,10,268585003.9,2025-09-28 18:09:10.244878
IPGN,2017,Julio,69.4485,4.1048,17.8513,14,101,3,97649053.1,2025-09-28 18:09:10.244878
IPGN,2018,Julio,74.1109,4.0901,19.1171,20,205,9,215370674.4,2025-09-28 18:09:10.244878
IPGN,2019,Julio,47.4129,2.6236,19.0669,25,356,9,247247711.3,2025-09-28 18:09:10.244878
IPGN,2020,Julio,48.7371,2.287,22.4836,23,327,40,218836042.4,2025-09-28 18:09:10.244878
IPGN,2021,Julio,75.3741,3.9819,19.9715,32,345,12,186304761.8,2025-09-28 18:09:10.244878
IPGN,2022,Julio,131.4958,6.7592,20.5254,26,367,12,229394374.4,2025-09-28 18:09:10.244878
IPGN,2023,Julio,62.859,3.9139,16.9447,29,269,6,97525464.0,2025-09-28 18:09:10.244878
IPGN,2024,Julio,39.6249,2.3125,18.0786,34,433,12,259640545.8,2025-09-28 18:09:10.244878
IPGN,2025,Julio,62.0785,3.5035,18.6948,30,419,10,258453269.6,2025-09-28 18:09:10.244878
IPGN,2017,Agosto,72.8156,4.3141,17.8078,17,118,4,239592565.7,2025-09-28 18:09:10.244878
IPGN,2018,Agosto,73.6902,4.1336,18.8089,21,207,11,245943829.2,2025-09-28 18:09:10.244878
IPGN,2019,Agosto,52.927,2.8505,19.5896,26,326,33,263827975.8,2025-09-28 18:09:10.244878
IPGN,2020,Agosto,56.6134,2.6861,22.237,28,333,45,235289828.7,2025-09-28 18:09:10.244878
IPGN,2021,Agosto,80.11,4.2149,4.0741,31,347,12,241408163.4,2025-09-28 18:09:10.244878
IPGN,2022,Agosto,159.6566,8.363,20.142,30,396,13,225754469.2,2025-09-28 18:09:10.244878
IPGN,2023,Agosto,53.5774,3.3318,16.966,28,350,9,231380727.9,2025-09-28 18:09:10.244878
IPGN,2024,Agosto,37.0787,2.0528,19.0568,31,381,11,265559258.2,2025-09-28 18:09:10.244878
IPGN,2025,Agosto,54.6979,3.0827,18.7204,34,440,7,276243023.0,2025-09-28 18:09:10.244878
IPGN,2017,Septiembre,69.0214,4.0913,17.7991,17,102,5,147493624.1,2025-09-28 18:09:10.244878
IPGN,2018,Septiembre,78.1838,4.3292,19.0539,20,214,7,229240571.9,2025-09-28 18:09:10.244878
IPGN,2019,Septiembre,60.3116,3.2425,19.6242,25,328,46,241588228.2,2025-09-28 18:09:10.244878
IPGN,2020,Septiembre,58.5947,2.8561,21.645,26,336,41,225058037.1,2025-09-28 18:09:10.244878
IPGN,2021,Septiembre,89.0365,4.6951,20.0078,32,356,4,321611762.1,2025-09-28 18:09:10.244878
IPGN,2022,Septiembre,151.3712,7.9562,20.073,30,475,16,221537861.4,2025-09-28 18:09:10.244878
IPGN,2023,Septiembre,52.5819,3.2174,17.2426,443,14,31,251347024.8,2025-09-28 18:09:10.244878
IPGN,2024,Septiembre,38.0459,2.0439,19.6395,34,450,18,271559057.5,2025-09-28 18:09:10.244878
IPGN,2017,Octubre,70.4169,3.9677,18.7247,22,147,5,166330208.9,2025-09-28 18:09:10.244878
IPGN,2018,Octubre,66.114,3.659,19.0638,21,273,11,198724042.1,2025-09-28 18:09:10.244878
IPGN,2019,Octubre,57.9721,3.1577,19.3701,25,323,50,240331192.7,2025-09-28 18:09:10.244878
IPGN,2020,Octubre,62.8382,3.1045,21.3558,27,312,50,225120296.6,2025-09-28 18:09:10.244878
IPGN,2021,Octubre,100.6073,5.1849,20.4723,31,333,2,311684980.4,2025-09-28 18:09:10.244878
IPGN,2022,Octubre,106.4048,5.6091,20.0146,32,462,20,220289824.6,2025-09-28 18:09:10.244878
IPGN,2023,Octubre,51.7434,3.0272,18.0338,33,463,16,237003128.8,2025-09-28 18:09:10.244878
IPGN,2024,Octubre,43.5147,2.3345,19.6659,33,418,16,257434239.6,2025-09-28 18:09:10.244878
IPGN,2017,Noviembre,75.3159,4.1873,18.977,20,146,8,152457104.8,2025-09-28 18:09:10.244878
IPGN,2018,Noviembre,74.5959,3.8866,20.25,21,291,11,212784184.4,2025-09-28 18:09:10.244878
IPGN,2019,Noviembre,57.6655,3.1535,19.2931,24,278,40,194769660.8,2025-09-28 18:09:10.244878
IPGN,2020,Noviembre,67.1283,3.4534,20.5088,28,345,47,205053125.9,2025-09-28 18:09:10.244878
IPGN,2021,Noviembre,111.8416,5.6773,20.7843,28,362,3,300806865.6,2025-09-28 18:09:10.244878
IPGN,2022,Noviembre,94.4554,5.1114,19.497,33,434,14,206323936.3,2025-09-28 18:09:10.244878
IPGN,2023,Noviembre,50.6117,3.0594,17.4537,31,486,17,211256903.8,2025-09-28 18:09:10.244878
IPGN,2024,Noviembre,47.163,2.449,20.3185,42,714,19,293264749.0,2025-09-28 18:09:10.244878
IPGN,2017,Diciembre,73.2271,4.0529,19.0625,21,150,3,159478582.7,2025-09-28 18:09:10.244878
IPGN,2018,Diciembre,87.9815,4.6005,20.1775,22,294,13,196440198.0,2025-09-28 18:09:10.244878
IPGN,2019,Diciembre,57.9798,3.1898,19.1776,23,278,41,181505689.1,2025-09-28 18:09:10.244878
IPGN,2020,Diciembre,68.86,3.6358,19.9821,30,360,49,202232981.5,2025-09-28 18:09:10.244878
IPGN,2021,Diciembre,93.9061,4.7208,20.9873,31,355,12,186803946.5,2025-09-28 18:09:10.244878
IPGN,2022,Diciembre,118.7468,6.3978,19.5825,28,424,15,190770767.1,2025-09-28 18:09:10.244878
IPGN,2023,Diciembre,49.4863,3.0311,17.2253,36,570,18,221357292.3,2025-09-28 18:09:10.244878
IPGN,2024,Diciembre,67.3256,3.5098,20.2382,30,412,14,218209945.1,2025-09-28 18:09:10.244878
Región I,2019,Enero,55.2865,3.0356,19.2154,0,25,1,23001669.3,2025-09-28 18:09:10.244878
Región I,2020,Enero,38.1832,2.1422,18.806,-,24,2,21799137.6,2025-09-28 18:09:10.244878
Región I,2021,Enero,58.5762,3.1073,19.8889,-,27,2,22392902.3,2025-09-28 18:09:10.244878
Región I,2022,Enero,107.6507,5.5476,20.4734,8,26,0,26000204.5,2025-09-28 18:09:10.244878
Región I,2023,Enero,201.3109,11.1531,19.0436,9,34,1,28490798.3,2025-09-28 18:09:10.244878
Región I,2024,Enero,70.2544,4.3442,17.0626,7,29,3,31333794.3,2025-09-28 18:09:10.244878
Región I,2025,Enero,80.2983,4.1206,20.5599,9,36,1,29675541.4,2025-09-28 18:09:10.244878
Región I,2018,Febrero,106.9645,6.0582,18.6282,-,9,0,19381138.1,2025-09-28 18:09:10.244878
Región I,2019,Febrero,67.984,3.7377,19.1902,-,23,1,24201289.2,2025-09-28 18:09:10.244878
Región I,2020,Febrero,27.4849,1.5452,18.7664,-,24,4,20486316.3,2025-09-28 18:09:10.244878
Región I,2021,Febrero,685.9536,35.7544,20.2415,-,28,1,20081111.8,2025-09-28 18:09:10.244878
Región I,2022,Febrero,91.1672,4.6961,20.4823,8,31,1,21271779.7,2025-09-28 18:09:10.244878
Región I,2023,Febrero,86.0762,4.8716,18.6418,10,34,0,19941166.5,2025-09-28 18:09:10.244878
Región I,2024,Febrero,34.346,2.1192,17.0996,7,39,2,27770737.6,2025-09-28 18:09:10.244878
Región I,2025,Febrero,63.0009,3.2486,20.4612,10,38,1,30674732.9,2025-09-28 18:09:10.244878
Región I,2018,Marzo,100.6019,5.6809,18.6839,-,9,0,17890735.6,2025-09-28 18:09:10.244878
Región I,2019,Marzo,35.033,1.9217,19.2339,-,24,1,20794035.1,2025-09-28 18:09:10.244878
Región I,2020,Marzo,24.3414,1.169,21.969,-,21,4,17165494.9,2025-09-28 18:09:10.244878
Región I,2021,Marzo,62.0466,3.1488,20.7895,-,28,4,23222116.8,2025-09-28 18:09:10.244878
Región I,2022,Marzo,85.629,4.3843,20.6061,7,29,1,25070026.6,2025-09-28 18:09:10.244878
Región I,2023,Marzo,52.1245,2.9883,18.403,8,22,0,21661300.5,2025-09-28 18:09:10.244878
Región I,2024,Marzo,16.073,1.0067,16.8445,8,37,2,28516345.47,2025-09-28 18:09:10.244878
Región I,2025,Marzo,29.0706,1.5147,20.2488,9,37,2,30895507.2,2025-09-28 18:09:10.244878
Región I,2018,Abril,83.0706,4.7772,18.3464,-,9,0,22524006.0,2025-09-28 18:09:10.244878
Región I,2019,Abril,22.8908,1.2696,19.0231,-,24,0,19826926.4,2025-09-28 18:09:10.244878
Región I,2020,Abril,24.0551,1.0462,24.2579,-,26,4,20784702.9,2025-09-28 18:09:10.244878
Región I,2021,Abril,58.1399,3.0589,20.0534,-,29,5,28627579.4,2025-09-28 18:09:10.244878
Región I,2022,Abril,119.3992,6.2837,20.0475,7,27,0,25121653.7,2025-09-28 18:09:10.244878
Región I,2023,Abril,42.0004,2.4497,18.0891,11,34,2,18289099.1,2025-09-28 18:09:10.244878
Región I,2024,Abril,11.3763,0.7158,16.7691,8,36,2,28184909.2,2025-09-28 18:09:10.244878
Región I,2025,Abril,31.8377,1.668,20.1385,9,37,2,28472854.9,2025-09-28 18:09:10.244878
Región I,2018,Mayo,86.201,4.6665,19.4894,-,8,0,23348824.5,2025-09-28 18:09:10.244878
Región I,2019,Mayo,19.0661,1.0538,19.0883,-,24,1,22015240.5,2025-09-28 18:09:10.244878
Región I,2020,Mayo,40.5162,1.8113,23.6004,-,26,4,25381298.7,2025-09-28 18:09:10.244878
Región I,2021,Mayo,59.1923,3.1252,19.9829,-,31,5,27568674.0,2025-09-28 18:09:10.244878
Región I,2022,Mayo,143.0491,7.505,20.1101,9,29,1,30066943.0,2025-09-28 18:09:10.244878
Región I,2023,Mayo,53.9314,3.2024,17.768,8,20,1,10101020.8,2025-09-28 18:09:10.244878
Región I,2024,Mayo,11.2341,0.7055,16.8011,10,37,2,36683997.1,2025-09-28 18:09:10.244878
Región I,2025,Mayo,32.8645,1.7819,19.4585,9,36,2,34400753.8,2025-09-28 18:09:10.244878
Región I,2018,Junio,82.7479,4.2985,20.3105,-,10,0,29672516.9,2025-09-28 18:09:10.244878
Región I,2019,Junio,16.3606,0.8948,19.2912,-,23,1,19213689.8,2025-09-28 18:09:10.244878
Región I,2020,Junio,36.0673,1.7129,22.2153,-,22,5,28514462.2,2025-09-28 18:09:10.244878
Región I,2021,Junio,75.9288,3.9982,20.0366,-,31,2,38383092.8,2025-09-28 18:09:10.244878
Región I,2022,Junio,150.65,7.96,19.9743,8,33,1,36137262.0,2025-09-28 18:09:10.244878
Región I,2023,Junio,83.4647,5.0923,17.293,8,20,1,10550465.22,2025-09-28 18:09:10.244878
Región I,2024,Junio,26.3778,1.5389,18.0839,10,39,1,34155471.2,2025-09-28 18:09:10.244878
Región I,2025,Junio,63.805,3.5284,19.0791,9,36,1,38654091.2,2025-09-28 18:09:10.244878
Región I,2018,Julio,116.0797,6.4064,19.1171,-,9,0,33491084.3,2025-09-28 18:09:10.244878
Región I,2019,Julio,25.954,1.4362,19.0669,-,22,1,30087617.3,2025-09-28 18:09:10.244878
Región I,2020,Julio,36.5449,1.7149,22.4836,-,24,3,34377905.4,2025-09-28 18:09:10.244878
Región I,2021,Julio,103.5042,5.4679,19.9715,-,16,1,20041392.5,2025-09-28 18:09:10.244878
Región I,2022,Julio,143.3944,7.3709,20.5254,8,34,2,40752206.5,2025-09-28 18:09:10.244878
Región I,2023,Julio,77.8772,4.849,16.9447,10,20,1,16593549.2,2025-09-28 18:09:10.244878
Región I,2024,Julio,26.3531,1.538,18.0786,12,39,1,45154221.1,2025-09-28 18:09:10.244878
Región I,2025,Julio,75.3919,4.2548,18.6948,9,38,1,43127584.4,2025-09-28 18:09:10.244878
Región I,2018,Agosto,102.1855,5.732,18.8089,-,9,0,33930664.4,2025-09-28 18:09:10.244878
Región I,2019,Agosto,32.7381,1.7632,19.5896,-,21,2,33648775.5,2025-09-28 18:09:10.244878
Región I,2020,Agosto,48.6987,2.3106,22.237,-,27,1,40838801.9,2025-09-28 18:09:10.244878
Región I,2021,Agosto,94.1117,4.9516,4.0741,-,34,1,39764118.2,2025-09-28 18:09:10.244878
Región I,2022,Agosto,170.6444,8.9385,20.142,10,35,1,41316564.6,2025-09-28 18:09:10.244878
Región I,2023,Agosto,69.7864,4.3398,16.966,9,36,1,46616699.8,2025-09-28 18:09:10.244878
Región I,2024,Agosto,20.5496,1.1377,19.0568,11,38,1,45218320.3,2025-09-28 18:09:10.244878
Región I,2025,Agosto,61.6449,3.4742,18.7204,12,43,1,44386567.2,2025-09-28 18:09:10.244878
Región I,2018,Septiembre,82.7067,4.5797,19.0539,-,11,0,32015374.3,2025-09-28 18:09:10.244878
Región I,2019,Septiembre,42.9597,2.3097,19.6242,-,24,3,31101983.6,2025-09-28 18:09:10.244878
Región I,2020,Septiembre,45.8857,2.2366,21.645,-,27,2,33359561.2,2025-09-28 18:09:10.244878
Región I,2021,Septiembre,108.3706,5.7146,20.0078,-,31,1,36275667.9,2025-09-28 18:09:10.244878
Región I,2022,Septiembre,154.9584,8.1448,20.073,8,36,1,36450110.0,2025-09-28 18:09:10.244878
Región I,2023,Septiembre,60.9772,3.7311,17.2426,35,2,10,39634391.5,2025-09-28 18:09:10.244878
Región I,2024,Septiembre,31.2472,1.6786,19.6395,12,42,1,48836211.0,2025-09-28 18:09:10.244878
Región I,2018,Octubre,41.9767,2.3231,19.0638,-,22,0,26719654.8,2025-09-28 18:09:10.244878
Región I,2019,Octubre,34.7852,1.8947,19.3701,-,25,4,27423639.6,2025-09-28 18:09:10.244878
Región I,2020,Octubre,35.7145,1.7644,21.3558,-,26,2,33994662.5,2025-09-28 18:09:10.244878
Región I,2021,Octubre,109.92,5.6648,20.4723,-,27,1,29320824.9,2025-09-28 18:09:10.244878
Región I,2022,Octubre,100.642,5.3053,20.0146,9,33,1,28620829.9,2025-09-28 18:09:10.244878
Región I,2023,Octubre,44.7081,2.6156,18.0338,10,38,1,36186316.0,2025-09-28 18:09:10.244878
Región I,2024,Octubre,28.1224,1.5087,19.6659,11,42,3,36374001.1,2025-09-28 18:09:10.244878
Región I,2018,Noviembre,47.5193,2.4758,20.25,-,23,0,21212634.5,2025-09-28 18:09:10.244878
Región I,2019,Noviembre,41.9631,2.2948,19.2931,-,23,3,23972647.0,2025-09-28 18:09:10.244878
Región I,2020,Noviembre,54.9146,2.825,20.5088,-,24,4,22308043.1,2025-09-28 18:09:10.244878
Región I,2021,Noviembre,103.8968,5.274,20.7843,-,25,1,22891482.6,2025-09-28 18:09:10.244878
Región I,2022,Noviembre,106.5425,5.7654,19.497,8,27,1,20594951.2,2025-09-28 18:09:10.244878
Región I,2023,Noviembre,47.0033,2.8413,17.4537,8,41,2,28163603.6,2025-09-28 18:09:10.244878
Región I,2024,Noviembre,38.7808,2.0137,20.3185,12,73,2,27525594.0,2025-09-28 18:09:10.244878
Región I,2018,Diciembre,43.3173,2.265,20.1775,0,19,1,14544260.5,2025-09-28 18:09:10.244878
Región I,2019,Diciembre,48.8264,2.6862,19.1776,-,24,3,23594006.6,2025-09-28 18:09:10.244878
Región I,2020,Diciembre,69.3831,3.6634,19.9821,-,28,5,19055253.8,2025-09-28 18:09:10.244878
Región I,2021,Diciembre,98.117,4.9325,20.9873,8,31,0,25930513.4,2025-09-28 18:09:10.244878
Región I,2022,Diciembre,204.9923,11.0445,19.5825,8,35,2,25216301.9,2025-09-28 18:09:10.244878
Región I,2023,Diciembre,46.8252,2.8681,17.2253,9,33,1,28885690.7,2025-09-28 18:09:10.244878
Región I,2024,Diciembre,56.4256,2.9416,20.2382,9,36,1,27873774.4,2025-09-28 18:09:10.244878
Región II,2019,Enero,69.2036,3.7998,19.2154,0,33,1,25515829.9,2025-09-28 18:09:10.244878
Región II,2020,Enero,43.61,2.4466,18.806,-,39,3,25069922.7,2025-09-28 18:09:10.244878
Región II,2021,Enero,63.8452,3.3868,19.8889,-,38,3,20810458.4,2025-09-28 18:09:10.244878
Región II,2022,Enero,94.6772,4.879,20.4734,9,37,1,21502761.1,2025-09-28 18:09:10.244878
Región II,2023,Enero,61.7478,3.421,19.0436,10,52,2,22351794.1,2025-09-28 18:09:10.244878
Región II,2024,Enero,61.07,3.7762,17.0626,11,50,2,27185393.1,2025-09-28 18:09:10.244878
Región II,2025,Enero,89.563,4.5961,20.5599,14,63,3,26396154.5,2025-09-28 18:09:10.244878
Región II,2018,Febrero,79.7001,4.514,18.6282,-,13,1,8179341.5,2025-09-28 18:09:10.244878
Región II,2019,Febrero,44.1659,2.4282,19.1902,-,34,1,25035943.1,2025-09-28 18:09:10.244878
Región II,2020,Febrero,33.2527,1.8695,18.7664,-,43,4,23608360.8,2025-09-28 18:09:10.244878
Región II,2021,Febrero,520.7517,27.1435,20.2415,-,38,6,17600084.1,2025-09-28 18:09:10.244878
Región II,2022,Febrero,101.768,5.2422,20.4823,10,38,2,19760247.0,2025-09-28 18:09:10.244878
Región II,2023,Febrero,54.2612,3.071,18.6418,11,56,1,23604401.0,2025-09-28 18:09:10.244878
Región II,2024,Febrero,41.3203,2.5495,17.0996,12,62,2,24404175.0,2025-09-28 18:09:10.244878
Región II,2025,Febrero,70.8091,3.6512,20.4612,14,60,3,23286766.1,2025-09-28 18:09:10.244878
Región II,2018,Marzo,68.9135,3.8915,18.6839,-,15,1,8986327.8,2025-09-28 18:09:10.244878
Región II,2019,Marzo,41.1985,2.2599,19.2339,-,37,1,27005263.6,2025-09-28 18:09:10.244878
Región II,2020,Marzo,35.9665,1.7273,21.969,-,45,5,22078570.9,2025-09-28 18:09:10.244878
Región II,2021,Marzo,69.8653,3.5456,20.7895,-,41,6,23807501.5,2025-09-28 18:09:10.244878
Región II,2022,Marzo,93.4841,4.7865,20.6061,11,45,2,25105573.9,2025-09-28 18:09:10.244878
Región II,2023,Marzo,40.8828,2.3438,18.403,10,50,3,22205677.1,2025-09-28 18:09:10.244878
Región II,2024,Marzo,26.6798,1.6711,16.8445,13,57,2,26308129.6,2025-09-28 18:09:10.244878
Región II,2025,Marzo,51.2761,2.6717,20.2488,14,79,3,32307524.6,2025-09-28 18:09:10.244878
Región II,2018,Abril,74.4011,4.2786,18.3464,-,16,1,10478680.9,2025-09-28 18:09:10.244878
Región II,2019,Abril,27.7488,1.539,19.0231,-,48,1,23723229.1,2025-09-28 18:09:10.244878
Región II,2020,Abril,37.919,1.6492,24.2579,-,42,5,21662383.2,2025-09-28 18:09:10.244878
Región II,2021,Abril,62.2266,3.2739,20.0534,-,42,6,24547804.4,2025-09-28 18:09:10.244878
Región II,2022,Abril,118.0895,6.2148,20.0475,12,46,2,23727957.1,2025-09-28 18:09:10.244878
Región II,2023,Abril,37.7317,2.2007,18.0891,11,52,2,23770104.3,2025-09-28 18:09:10.244878
Región II,2024,Abril,23.8209,1.4987,16.7691,13,52,2,26027992.9,2025-09-28 18:09:10.244878
Región II,2025,Abril,48.2355,2.5271,20.1385,13,59,2,25839897.3,2025-09-28 18:09:10.244878
Región II,2018,Mayo,69.8297,3.7802,19.4894,-,15,1,8442933.4,2025-09-28 18:09:10.244878
Región II,2019,Mayo,26.4848,1.4639,19.0883,-,47,1,21685442.5,2025-09-28 18:09:10.244878
Región II,2020,Mayo,54.9664,2.4573,23.6004,-,38,6,17030217.1,2025-09-28 18:09:10.244878
Región II,2021,Mayo,66.2725,3.4991,19.9829,-,46,7,24340242.8,2025-09-28 18:09:10.244878
Región II,2022,Mayo,143.0423,7.5046,20.1101,11,42,2,26464636.8,2025-09-28 18:09:10.244878
Región II,2023,Mayo,53.018,3.1482,17.768,12,43,1,6691130.5,2025-09-28 18:09:10.244878
Región II,2024,Mayo,24.7752,1.5558,16.8011,13,56,2,29280740.4,2025-09-28 18:09:10.244878
Región II,2025,Mayo,46.3206,2.5116,19.4585,13,59,3,29651337.9,2025-09-28 18:09:10.244878
Región II,2018,Junio,76.1983,3.9582,20.3105,-,16,1,8837395.7,2025-09-28 18:09:10.244878
Región II,2019,Junio,35.0276,1.9157,19.2912,-,36,0,27476227.0,2025-09-28 18:09:10.244878
Región II,2020,Junio,45.3095,2.1519,22.2153,-,39,3,25771978.1,2025-09-28 18:09:10.244878
Región II,2021,Junio,67.8191,3.5711,20.0366,-,45,1,28339069.2,2025-09-28 18:09:10.244878
Región II,2022,Junio,148.11,7.82,19.9743,11,44,1,27290675.0,2025-09-28 18:09:10.244878
Región II,2023,Junio,56.3803,3.4398,17.293,10,33,2,8868156.97,2025-09-28 18:09:10.244878
Región II,2024,Junio,31.7052,1.8498,18.0839,13,60,2,30687905.1,2025-09-28 18:09:10.244878
Región II,2025,Junio,43.4765,2.4042,19.0791,14,60,2,30230237.3,2025-09-28 18:09:10.244878
Región II,2018,Julio,71.3207,3.9361,19.1171,-,18,1,9158875.5,2025-09-28 18:09:10.244878
Región II,2019,Julio,30.437,1.6842,19.0669,-,52,1,29065666.0,2025-09-28 18:09:10.244878
Región II,2020,Julio,42.8696,2.0117,22.4836,-,44,5,28613974.9,2025-09-28 18:09:10.244878
Región II,2021,Julio,85.6133,4.5228,19.9715,-,38,2,18653583.5,2025-09-28 18:09:10.244878
Región II,2022,Julio,133.8578,6.8806,20.5254,11,47,3,29650573.3,2025-09-28 18:09:10.244878
Región II,2023,Julio,61.6282,3.8373,16.9447,10,33,1,8673140.8,2025-09-28 18:09:10.244878
Región II,2024,Julio,29.0787,1.697,18.0786,13,56,2,31188526.2,2025-09-28 18:09:10.244878
Región II,2025,Julio,51.6734,2.9162,18.6948,14,63,4,29283152.6,2025-09-28 18:09:10.244878
Región II,2018,Agosto,72.8852,4.0884,18.8089,-,18,1,9443139.6,2025-09-28 18:09:10.244878
Región II,2019,Agosto,35.563,1.9154,19.5896,-,47,5,27313998.2,2025-09-28 18:09:10.244878
Región II,2020,Agosto,44.91,2.1308,22.237,-,44,6,30604781.4,2025-09-28 18:09:10.244878
Región II,2021,Agosto,82.9176,4.3626,4.0741,-,40,0,27084869.1,2025-09-28 18:09:10.244878
Región II,2022,Agosto,160.8606,8.4261,20.142,11,46,2,27652519.2,2025-09-28 18:09:10.244878
Región II,2023,Agosto,45.7411,2.8445,16.966,10,50,2,28646850.6,2025-09-28 18:09:10.244878
Región II,2024,Agosto,18.9994,1.0519,19.0568,13,55,3,36609826.1,2025-09-28 18:09:10.244878
Región II,2025,Agosto,38.3181,2.1596,18.7204,14,60,2,31953804.3,2025-09-28 18:09:10.244878
Región II,2018,Septiembre,77.4051,4.2861,19.0539,-,19,2,8369902.1,2025-09-28 18:09:10.244878
Región II,2019,Septiembre,48.2473,2.5939,19.6242,-,40,6,24068196.5,2025-09-28 18:09:10.244878
Región II,2020,Septiembre,46.2732,2.2555,21.645,-,44,4,29417142.6,2025-09-28 18:09:10.244878
Región II,2021,Septiembre,95.7407,5.0486,20.0078,-,43,3,26421132.4,2025-09-28 18:09:10.244878
Región II,2022,Septiembre,141.6372,7.4446,20.073,11,51,1,25399391.2,2025-09-28 18:09:10.244878
Región II,2023,Septiembre,47.5241,2.908,17.2426,58,4,13,29988966.7,2025-09-28 18:09:10.244878
Región II,2024,Septiembre,24.5918,1.3211,19.6395,13,58,2,30709287.1,2025-09-28 18:09:10.244878
Región II,2018,Octubre,49.5242,2.7409,19.0638,-,26,1,21825160.7,2025-09-28 18:09:10.244878
Región II,2019,Octubre,41.4265,2.2564,19.3701,-,44,5,25723595.0,2025-09-28 18:09:10.244878
Región II,2020,Octubre,42.3278,2.0912,21.3558,-,45,4,26942564.0,2025-09-28 18:09:10.244878
Región II,2021,Octubre,106.0999,5.468,20.4723,-,45,2,24423975.8,2025-09-28 18:09:10.244878
Región II,2022,Octubre,90.1501,4.7522,20.0146,12,51,2,25806480.6,2025-09-28 18:09:10.244878
Región II,2023,Octubre,46.8732,2.7423,18.0338,12,54,4,26735531.7,2025-09-28 18:09:10.244878
Región II,2024,Octubre,37.5515,2.0146,19.6659,14,62,4,28358145.0,2025-09-28 18:09:10.244878
Región II,2018,Noviembre,60.9126,3.1737,20.25,-,32,1,22140380.2,2025-09-28 18:09:10.244878
Región II,2019,Noviembre,46.7254,2.5552,19.2931,-,42,7,25965632.5,2025-09-28 18:09:10.244878
Región II,2020,Noviembre,58.9802,3.0342,20.5088,-,44,6,23376213.5,2025-09-28 18:09:10.244878
Región II,2021,Noviembre,114.7443,5.8247,20.7843,-,45,1,27122718.5,2025-09-28 18:09:10.244878
Región II,2022,Noviembre,91.9279,4.9746,19.497,11,50,2,23178297.8,2025-09-28 18:09:10.244878
Región II,2023,Noviembre,46.366,2.8028,17.4537,12,55,2,24653027.9,2025-09-28 18:09:10.244878
Región II,2024,Noviembre,38.2664,1.987,20.3185,15,101,5,29623880.4,2025-09-28 18:09:10.244878
Región II,2018,Diciembre,63.5531,3.3231,20.1775,0,30,1,22931035.8,2025-09-28 18:09:10.244878
Región II,2019,Diciembre,56.0228,3.0821,19.1776,-,41,7,22392576.5,2025-09-28 18:09:10.244878
Región II,2020,Diciembre,68.8629,3.636,19.9821,-,43,6,21853385.7,2025-09-28 18:09:10.244878
Región II,2021,Diciembre,98.23,4.9382,20.9873,11,43,1,23469784.9,2025-09-28 18:09:10.244878
Región II,2022,Diciembre,90.4513,4.8733,19.5825,10,49,1,22664305.1,2025-09-28 18:09:10.244878
Región II,2023,Diciembre,47.6502,2.9186,17.2253,13,76,3,23848352.6,2025-09-28 18:09:10.244878
Región II,2024,Diciembre,66.0283,3.4422,20.2382,13,60,2,22445227.5,2025-09-28 18:09:10.244878
Región III,2019,Enero,91.3877,5.0178,19.2154,0,57,3,68890981.2,2025-09-28 18:09:10.244878
Región III,2020,Enero,48.7744,2.7364,18.806,-,50,8,66223647.3,2025-09-28 18:09:10.244878
Región III,2021,Enero,59.9695,3.1812,19.8889,-,50,10,65522656.7,2025-09-28 18:09:10.244878
Región III,2022,Enero,93.2362,4.8048,20.4734,13,72,2,53933277.7,2025-09-28 18:09:10.244878
Región III,2023,Enero,76.5218,4.2395,19.0436,11,67,3,50782467.1,2025-09-28 18:09:10.244878
Región III,2024,Enero,56.2701,3.4794,17.0626,12,58,2,45175046.3,2025-09-28 18:09:10.244878
Región III,2025,Enero,86.7095,4.4496,20.5599,14,65,2,54680360.1,2025-09-28 18:09:10.244878
Región III,2018,Febrero,74.9946,4.2475,18.6282,-,30,1,48944173.6,2025-09-28 18:09:10.244878
Región III,2019,Febrero,81.2379,4.4664,19.1902,-,63,2,52949470.5,2025-09-28 18:09:10.244878
Región III,2020,Febrero,44.8043,2.5189,18.7664,-,52,9,56612493.1,2025-09-28 18:09:10.244878
Región III,2021,Febrero,376.5298,19.6261,20.2415,-,59,8,62095969.9,2025-09-28 18:09:10.244878
Región III,2022,Febrero,105.8229,5.451,20.4823,15,73,3,49636503.8,2025-09-28 18:09:10.244878
Región III,2023,Febrero,52.4759,2.97,18.6418,11,61,2,49099796.9,2025-09-28 18:09:10.244878
Región III,2024,Febrero,41.8627,2.583,17.0996,11,60,3,48258550.0,2025-09-28 18:09:10.244878
Región III,2025,Febrero,78.9393,4.0704,20.4612,18,67,2,51614041.2,2025-09-28 18:09:10.244878
Región III,2018,Marzo,62.6351,3.5369,18.6839,-,34,2,55967888.1,2025-09-28 18:09:10.244878
Región III,2019,Marzo,64.7634,3.5525,19.2339,-,62,3,69283660.7,2025-09-28 18:09:10.244878
Región III,2020,Marzo,47.4076,2.2767,21.969,-,54,9,54857949.0,2025-09-28 18:09:10.244878
Región III,2021,Marzo,65.4743,3.3228,20.7895,-,61,13,71393625.0,2025-09-28 18:09:10.244878
Región III,2022,Marzo,98.6778,5.0524,20.6061,16,69,3,52997020.1,2025-09-28 18:09:10.244878
Región III,2023,Marzo,44.9276,2.5757,18.403,12,92,3,63569288.1,2025-09-28 18:09:10.244878
Región III,2024,Marzo,35.2122,2.2055,16.8445,13,58,3,48995861.5,2025-09-28 18:09:10.244878
Región III,2025,Marzo,77.7098,4.0491,20.2488,15,101,3,79607984.4,2025-09-28 18:09:10.244878
Región III,2018,Abril,69.337,3.9874,18.3464,-,33,2,33041986.4,2025-09-28 18:09:10.244878
Región III,2019,Abril,66.0352,3.6624,19.0231,-,42,2,57902905.5,2025-09-28 18:09:10.244878
Región III,2020,Abril,52.1159,2.2667,24.2579,-,60,6,65903513.7,2025-09-28 18:09:10.244878
Región III,2021,Abril,60.4644,3.1812,20.0534,-,55,8,69675335.5,2025-09-28 18:09:10.244878
Región III,2022,Abril,112.2384,5.9069,20.0475,17,68,4,57411732.2,2025-09-28 18:09:10.244878
Región III,2023,Abril,40.6641,2.3718,18.0891,11,90,3,58802843.4,2025-09-28 18:09:10.244878
Región III,2024,Abril,30.1228,1.8952,16.7691,12,59,2,54724518.6,2025-09-28 18:09:10.244878
Región III,2025,Abril,69.4915,3.6407,20.1385,13,64,3,58513659.6,2025-09-28 18:09:10.244878
Región III,2018,Mayo,71.5268,3.8721,19.4894,-,38,2,34300365.4,2025-09-28 18:09:10.244878
Región III,2019,Mayo,64.5169,3.566,19.0883,-,66,3,65430878.8,2025-09-28 18:09:10.244878
Región III,2020,Mayo,48.9876,2.19,23.6004,-,49,6,42819651.9,2025-09-28 18:09:10.244878
Región III,2021,Mayo,66.9708,3.5359,19.9829,-,79,9,75140270.6,2025-09-28 18:09:10.244878
Región III,2022,Mayo,141.4342,7.4202,20.1101,15,68,2,61494017.5,2025-09-28 18:09:10.244878
Región III,2023,Mayo,44.1952,2.6243,17.768,13,76,2,49439059.0,2025-09-28 18:09:10.244878
Región III,2024,Mayo,36.2675,2.2775,16.8011,14,64,3,59592872.8,2025-09-28 18:09:10.244878
Región III,2025,Mayo,61.9772,3.3605,19.4585,15,67,2,59894767.7,2025-09-28 18:09:10.244878
Región III,2018,Junio,75.6475,3.9296,20.3105,-,39,2,37120205.6,2025-09-28 18:09:10.244878
Región III,2019,Junio,59.4176,3.2496,19.2912,-,58,2,75521134.8,2025-09-28 18:09:10.244878
Región III,2020,Junio,45.4962,2.1607,22.2153,-,51,7,51308930.3,2025-09-28 18:09:10.244878
Región III,2021,Junio,65.157,3.4309,20.0366,-,67,2,78175865.3,2025-09-28 18:09:10.244878
Región III,2022,Junio,145.38,7.68,19.9743,15,65,3,57512148.0,2025-09-28 18:09:10.244878
Región III,2023,Junio,46.5661,2.841,17.293,10,37,2,39614555.9,2025-09-28 18:09:10.244878
Región III,2024,Junio,44.9052,2.6199,18.0839,14,62,2,58096603.9,2025-09-28 18:09:10.244878
Región III,2025,Junio,61.4047,3.3956,19.0791,15,66,3,62937503.2,2025-09-28 18:09:10.244878
Región III,2018,Julio,70.6349,3.8983,19.1171,-,40,2,32449305.2,2025-09-28 18:09:10.244878
Región III,2019,Julio,53.4745,2.959,19.0669,-,71,4,92963849.6,2025-09-28 18:09:10.244878
Región III,2020,Julio,47.9792,2.2515,22.4836,-,64,6,72319866.9,2025-09-28 18:09:10.244878
Región III,2021,Julio,70.1021,3.7034,19.9715,-,64,3,66787273.2,2025-09-28 18:09:10.244878
Región III,2022,Julio,131.3403,6.7512,20.5254,12,63,2,54372203.7,2025-09-28 18:09:10.244878
Región III,2023,Julio,50.758,3.1604,16.9447,11,37,2,35407016.0,2025-09-28 18:09:10.244878
Región III,2024,Julio,45.3134,2.6445,18.0786,16,62,3,62292119.1,2025-09-28 18:09:10.244878
Región III,2025,Julio,63.0727,3.5596,18.6948,15,64,3,58448459.5,2025-09-28 18:09:10.244878
Región III,2018,Agosto,75.5741,4.2392,18.8089,-,41,2,55022245.2,2025-09-28 18:09:10.244878
Región III,2019,Agosto,52.9713,2.8529,19.5896,-,68,9,109364210.8,2025-09-28 18:09:10.244878
Región III,2020,Agosto,55.8577,2.6502,22.237,-,65,9,78187533.2,2025-09-28 18:09:10.244878
Región III,2021,Agosto,76.9848,4.0505,4.0741,-,50,1,71257769.9,2025-09-28 18:09:10.244878
Región III,2022,Agosto,150.0008,7.8572,20.142,12,60,2,53250395.8,2025-09-28 18:09:10.244878
Región III,2023,Agosto,48.6789,3.0272,16.966,12,44,2,45244145.0,2025-09-28 18:09:10.244878
Región III,2024,Agosto,46.6434,2.5824,19.0568,16,68,3,60496581.8,2025-09-28 18:09:10.244878
Región III,2025,Agosto,55.5392,3.1301,18.7204,15,67,3,63321088.9,2025-09-28 18:09:10.244878
Región III,2018,Septiembre,70.8454,3.9229,19.0539,-,41,2,54161300.9,2025-09-28 18:09:10.244878
Región III,2019,Septiembre,56.5824,3.0421,19.6242,-,73,10,89080545.7,2025-09-28 18:09:10.244878
Región III,2020,Septiembre,56.6895,2.7633,21.645,-,67,6,75980245.3,2025-09-28 18:09:10.244878
Región III,2021,Septiembre,98.5547,5.197,20.0078,-,52,2,70094491.5,2025-09-28 18:09:10.244878
Región III,2022,Septiembre,151.0372,7.9387,20.073,12,85,3,58232545.9,2025-09-28 18:09:10.244878
Región III,2023,Septiembre,48.1964,2.9491,17.2426,86,3,14,65019295.5,2025-09-28 18:09:10.244878
Región III,2024,Septiembre,45.2787,2.4324,19.6395,16,67,4,63206193.2,2025-09-28 18:09:10.244878
Región III,2018,Octubre,70.4722,3.9002,19.0638,-,54,2,52221077.1,2025-09-28 18:09:10.244878
Región III,2019,Octubre,52.6652,2.8686,19.3701,-,70,8,90724337.0,2025-09-28 18:09:10.244878
Región III,2020,Octubre,57.1101,2.8215,21.3558,-,67,7,73091925.6,2025-09-28 18:09:10.244878
Región III,2021,Octubre,112.7548,5.8109,20.4723,-,50,2,65973200.7,2025-09-28 18:09:10.244878
Región III,2022,Octubre,116.6072,6.1469,20.0146,12,87,3,60619386.5,2025-09-28 18:09:10.244878
Región III,2023,Octubre,50.8772,2.9765,18.0338,13,62,2,57403355.0,2025-09-28 18:09:10.244878
Región III,2024,Octubre,48.3921,2.5962,19.6659,16,68,4,65493067.7,2025-09-28 18:09:10.244878
Región III,2018,Noviembre,81.3749,4.2398,20.25,-,60,2,76196941.5,2025-09-28 18:09:10.244878
Región III,2019,Noviembre,59.5626,3.2572,19.2931,-,56,10,62692968.8,2025-09-28 18:09:10.244878
Región III,2020,Noviembre,61.6045,3.1692,20.5088,-,68,7,72012357.6,2025-09-28 18:09:10.244878
Región III,2021,Noviembre,113.8481,5.7792,20.7843,-,77,2,61582003.7,2025-09-28 18:09:10.244878
Región III,2022,Noviembre,96.6441,5.2298,19.497,14,94,5,59752829.1,2025-09-28 18:09:10.244878
Región III,2023,Noviembre,50.5282,3.0544,17.4537,13,69,2,51986528.1,2025-09-28 18:09:10.244878
Región III,2024,Noviembre,44.3476,2.3028,20.3185,19,109,6,78708455.3,2025-09-28 18:09:10.244878
Región III,2018,Diciembre,84.8124,4.4347,20.1775,0,64,3,73905291.1,2025-09-28 18:09:10.244878
Región III,2019,Diciembre,48.736,2.6812,19.1776,-,54,9,56091821.1,2025-09-28 18:09:10.244878
Región III,2020,Diciembre,63.0624,3.3297,19.9821,-,70,8,72690080.8,2025-09-28 18:09:10.244878
Región III,2021,Diciembre,93.5453,4.7027,20.9873,14,84,3,50036575.5,2025-09-28 18:09:10.244878
Región III,2022,Diciembre,104.3531,5.6223,19.5825,11,63,2,50924590.7,2025-09-28 18:09:10.244878
Región III,2023,Diciembre,48.2411,2.9548,17.2253,15,92,2,59193583.7,2025-09-28 18:09:10.244878
Región III,2024,Diciembre,66.1974,3.451,20.2382,13,61,3,52240151.0,2025-09-28 18:09:10.244878
Región IV,2019,Enero,85.8249,4.7124,19.2154,0,28,1,7511601.1,2025-09-28 18:09:10.244878
Región IV,2020,Enero,71.2385,3.9966,18.806,-,35,6,12075785.2,2025-09-28 18:09:10.244878
Región IV,2021,Enero,65.7436,3.4875,19.8889,-,21,4,15038735.9,2025-09-28 18:09:10.244878
Región IV,2022,Enero,97.6871,5.0341,20.4734,14,37,3,16663810.5,2025-09-28 18:09:10.244878
Región IV,2023,Enero,74.0047,4.1,19.0436,15,48,2,11595818.2,2025-09-28 18:09:10.244878
Región IV,2024,Enero,59.6652,3.6894,17.0626,12,46,3,13698653.3,2025-09-28 18:09:10.244878
Región IV,2025,Enero,84.7248,4.3478,20.5599,14,46,1,16234148.7,2025-09-28 18:09:10.244878
Región IV,2018,Febrero,91.6829,5.1927,18.6282,-,19,1,16107988.1,2025-09-28 18:09:10.244878
Región IV,2019,Febrero,105.5852,5.805,19.1902,-,29,1,15738504.0,2025-09-28 18:09:10.244878
Región IV,2020,Febrero,70.5615,3.967,18.7664,-,35,7,13125708.2,2025-09-28 18:09:10.244878
Región IV,2021,Febrero,245.5462,12.7988,20.2415,-,20,1,11249605.0,2025-09-28 18:09:10.244878
Región IV,2022,Febrero,112.2231,5.7807,20.4823,16,43,2,14130138.9,2025-09-28 18:09:10.244878
Región IV,2023,Febrero,52.8105,2.9889,18.6418,14,50,2,15225427.5,2025-09-28 18:09:10.244878
Región IV,2024,Febrero,34.5974,2.1347,17.0996,14,71,2,19028141.4,2025-09-28 18:09:10.244878
Región IV,2025,Febrero,68.8964,3.5526,20.4612,15,49,4,18927895.4,2025-09-28 18:09:10.244878
Región IV,2018,Marzo,75.4006,4.2578,18.6839,-,22,1,16990362.4,2025-09-28 18:09:10.244878
Región IV,2019,Marzo,79.4442,4.3578,19.2339,-,28,1,12636759.9,2025-09-28 18:09:10.244878
Región IV,2020,Marzo,69.7446,3.3495,21.969,-,38,9,11595138.3,2025-09-28 18:09:10.244878
Región IV,2021,Marzo,81.6414,4.1433,20.7895,-,28,6,15538673.8,2025-09-28 18:09:10.244878
Región IV,2022,Marzo,96.4783,4.9398,20.6061,16,40,3,14606755.6,2025-09-28 18:09:10.244878
Región IV,2023,Marzo,46.1316,2.6448,18.403,16,46,3,15679432.8,2025-09-28 18:09:10.244878
Región IV,2024,Marzo,21.4659,1.3445,16.8445,14,51,2,16918730.38,2025-09-28 18:09:10.244878
Región IV,2025,Marzo,25.4317,1.3251,20.2488,16,54,1,30185777.6,2025-09-28 18:09:10.244878
Región IV,2018,Abril,76.8621,4.4202,18.3464,-,23,1,16086464.6,2025-09-28 18:09:10.244878
Región IV,2019,Abril,87.2764,4.8405,19.0231,-,13,1,12841867.6,2025-09-28 18:09:10.244878
Región IV,2020,Abril,74.1793,3.2263,24.2579,-,39,8,11301256.4,2025-09-28 18:09:10.244878
Región IV,2021,Abril,75.192,3.956,20.0534,-,36,5,15053955.9,2025-09-28 18:09:10.244878
Región IV,2022,Abril,120.2314,6.3275,20.0475,19,50,3,19798627.1,2025-09-28 18:09:10.244878
Región IV,2023,Abril,43.1948,2.5194,18.0891,11,49,2,17171242.0,2025-09-28 18:09:10.244878
Región IV,2024,Abril,19.6496,1.2363,16.7691,15,46,1,16479700.1,2025-09-28 18:09:10.244878
Región IV,2025,Abril,34.6988,1.8179,20.1385,13,47,1,21564302.6,2025-09-28 18:09:10.244878
Región IV,2018,Mayo,80.9428,4.3818,19.4894,-,25,2,16617791.5,2025-09-28 18:09:10.244878
Región IV,2019,Mayo,80.2704,4.4368,19.0883,-,22,1,8697688.6,2025-09-28 18:09:10.244878
Región IV,2020,Mayo,73.263,3.2752,23.6004,-,34,3,11297287.2,2025-09-28 18:09:10.244878
Región IV,2021,Mayo,79.8222,4.2145,19.9829,-,43,5,18069413.8,2025-09-28 18:09:10.244878
Región IV,2022,Mayo,139.3081,7.3087,20.1101,17,48,3,19763981.9,2025-09-28 18:09:10.244878
Región IV,2023,Mayo,56.4913,3.3544,17.768,16,49,1,4504188.0,2025-09-28 18:09:10.244878
Región IV,2024,Mayo,14.6562,0.9204,16.8011,16,52,1,22197854.1,2025-09-28 18:09:10.244878
Región IV,2025,Mayo,30.5667,1.6574,19.4585,14,50,1,22586786.0,2025-09-28 18:09:10.244878
Región IV,2018,Junio,86.7541,4.5066,20.3105,-,24,1,15149254.3,2025-09-28 18:09:10.244878
Región IV,2019,Junio,74.4603,4.0723,19.2912,-,12,2,6902700.7,2025-09-28 18:09:10.244878
Región IV,2020,Junio,67.2658,3.1946,22.2153,-,31,4,14221975.7,2025-09-28 18:09:10.244878
Región IV,2021,Junio,48.9985,2.5801,20.0366,-,39,2,18359210.2,2025-09-28 18:09:10.244878
Región IV,2022,Junio,153.95,8.13,19.9743,17,50,3,17805191.0,2025-09-28 18:09:10.244878
Región IV,2023,Junio,60.7563,3.7068,17.293,15,42,1,3866783.42,2025-09-28 18:09:10.244878
Región IV,2024,Junio,23.485,1.3702,18.0839,15,53,2,21081626.1,2025-09-28 18:09:10.244878
Región IV,2025,Junio,37.2263,2.0586,19.0791,15,51,1,22503614.9,2025-09-28 18:09:10.244878
Región IV,2018,Julio,79.161,4.3688,19.1171,-,22,2,19230685.2,2025-09-28 18:09:10.244878
Región IV,2019,Julio,69.531,3.8475,19.0669,-,29,1,15936567.8,2025-09-28 18:09:10.244878
Región IV,2020,Julio,65.8824,3.0916,22.4836,-,36,3,15431233.8,2025-09-28 18:09:10.244878
Región IV,2021,Julio,94.1742,4.9751,19.9715,-,40,3,17222969.1,2025-09-28 18:09:10.244878
Región IV,2022,Julio,145.2489,7.4662,20.5254,13,41,2,18078652.0,2025-09-28 18:09:10.244878
Región IV,2023,Julio,76.4172,4.7581,16.9447,13,37,1,3097963.1,2025-09-28 18:09:10.244878
Región IV,2024,Julio,24.7706,1.4456,18.0786,16,56,3,21609713.1,2025-09-28 18:09:10.244878
Región IV,2025,Julio,37.4823,2.1154,18.6948,14,49,1,22224164.5,2025-09-28 18:09:10.244878
Región IV,2018,Agosto,79.1806,4.4415,18.8089,-,23,2,16850710.9,2025-09-28 18:09:10.244878
Región IV,2019,Agosto,64.6413,3.4815,19.5896,-,27,8,16325165.3,2025-09-28 18:09:10.244878
Región IV,2020,Agosto,71.3313,3.3844,22.237,-,39,5,14151148.7,2025-09-28 18:09:10.244878
Región IV,2021,Agosto,91.9033,4.8354,4.0741,-,37,4,18030519.3,2025-09-28 18:09:10.244878
Región IV,2022,Agosto,163.9571,8.5883,20.142,13,47,2,18208504.1,2025-09-28 18:09:10.244878
Región IV,2023,Agosto,45.01,2.799,16.966,12,45,1,18564790.7,2025-09-28 18:09:10.244878
Región IV,2024,Agosto,19.5067,1.08,19.0568,14,36,1,16502546.7,2025-09-28 18:09:10.244878
Región IV,2025,Agosto,30.3646,1.7113,18.7204,16,52,2,25828440.7,2025-09-28 18:09:10.244878
Región IV,2018,Septiembre,86.3433,4.781,19.0539,-,23,2,20327688.7,2025-09-28 18:09:10.244878
Región IV,2019,Septiembre,67.519,3.63,19.6242,-,27,5,15334662.9,2025-09-28 18:09:10.244878
Región IV,2020,Septiembre,79.9315,3.8962,21.645,-,38,6,15169373.2,2025-09-28 18:09:10.244878
Región IV,2021,Septiembre,98.8074,5.2104,20.0078,-,37,3,15998962.2,2025-09-28 18:09:10.244878
Región IV,2022,Septiembre,158.7825,8.3458,20.073,16,55,2,14753122.7,2025-09-28 18:09:10.244878
Región IV,2023,Septiembre,45.3286,2.7736,17.2426,44,3,15,18870495.0,2025-09-28 18:09:10.244878
Región IV,2024,Septiembre,18.991,1.0202,19.6395,17,52,1,20060665.6,2025-09-28 18:09:10.244878
Región IV,2018,Octubre,105.7576,5.853,19.0638,-,27,1,10837034.5,2025-09-28 18:09:10.244878
Región IV,2019,Octubre,68.5135,3.7318,19.3701,-,28,6,16533616.1,2025-09-28 18:09:10.244878
Región IV,2020,Octubre,79.2717,3.9163,21.3558,-,29,6,16532814.1,2025-09-28 18:09:10.244878
Región IV,2021,Octubre,113.5791,5.8534,20.4723,-,38,2,15909857.4,2025-09-28 18:09:10.244878
Región IV,2022,Octubre,103.9006,5.4771,20.0146,16,55,3,16646674.2,2025-09-28 18:09:10.244878
Región IV,2023,Octubre,42.7224,2.4995,18.0338,17,64,3,20382445.3,2025-09-28 18:09:10.244878
Región IV,2024,Octubre,23.0825,1.2384,19.6659,14,43,1,21919544.2,2025-09-28 18:09:10.244878
Región IV,2018,Noviembre,98.1046,5.1114,20.25,-,27,2,11260124.1,2025-09-28 18:09:10.244878
Región IV,2019,Noviembre,80.8022,4.4187,19.2931,-,22,4,13213059.8,2025-09-28 18:09:10.244878
Región IV,2020,Noviembre,89.0517,4.5812,20.5088,-,38,5,13198461.9,2025-09-28 18:09:10.244878
Región IV,2021,Noviembre,120.2815,6.1058,20.7843,-,41,3,16374424.0,2025-09-28 18:09:10.244878
Región IV,2022,Noviembre,96.4642,5.2201,19.497,15,47,4,16678867.0,2025-09-28 18:09:10.244878
Región IV,2023,Noviembre,40.079,2.4227,17.4537,14,65,3,19581449.5,2025-09-28 18:09:10.244878
Región IV,2024,Noviembre,36.1147,1.8753,20.3185,18,80,2,20490640.1,2025-09-28 18:09:10.244878
Región IV,2018,Diciembre,115.7307,6.0514,20.1775,0,26,2,11540619.3,2025-09-28 18:09:10.244878
Región IV,2019,Diciembre,71.7251,3.946,19.1776,-,25,5,14552914.6,2025-09-28 18:09:10.244878
Región IV,2020,Diciembre,77.5554,4.0949,19.9821,-,39,6,15032684.4,2025-09-28 18:09:10.244878
Región IV,2021,Diciembre,68.9467,3.466,20.9873,16,41,1,15282097.7,2025-09-28 18:09:10.244878
Región IV,2022,Diciembre,102.7367,5.5352,19.5825,14,55,2,11108826.0,2025-09-28 18:09:10.244878
Región IV,2023,Diciembre,47.7211,2.9229,17.2253,17,85,4,19010987.8,2025-09-28 18:09:10.244878
Región IV,2024,Diciembre,79.5659,4.1479,20.2382,14,47,3,16556536.4,2025-09-28 18:09:10.244878
Región V,2019,Enero,90.7258,4.9815,19.2154,0,114,4,62013025.5,2025-09-28 18:09:10.244878
Región V,2020,Enero,63.2672,3.5494,18.806,-,124,12,53954998.1,2025-09-28 18:09:10.244878
Región V,2021,Enero,72.6942,3.8563,19.8889,-,92,14,44196676.4,2025-09-28 18:09:10.244878
Región V,2022,Enero,95.9827,4.9463,20.4734,15,116,7,47050574.0,2025-09-28 18:09:10.244878
Región V,2023,Enero,71.6128,3.9675,19.0436,20,195,6,68991365.3,2025-09-28 18:09:10.244878
Región V,2024,Enero,60.4095,3.7354,17.0626,17,156,9,71353037.2,2025-09-28 18:09:10.244878
Región V,2025,Enero,86.8695,4.4578,20.5599,21,168,7,72428411.6,2025-09-28 18:09:10.244878
Región V,2018,Febrero,89.031,5.0425,18.6282,-,68,5,59154530.7,2025-09-28 18:09:10.244878
Región V,2019,Febrero,75.2313,4.1361,19.1902,-,116,4,47725153.9,2025-09-28 18:09:10.244878
Región V,2020,Febrero,61.8598,3.4778,18.7664,-,133,15,49347671.9,2025-09-28 18:09:10.244878
Región V,2021,Febrero,285.4403,14.8782,20.2415,-,90,9,36643135.0,2025-09-28 18:09:10.244878
Región V,2022,Febrero,108.1737,5.5721,20.4823,18,139,4,54727240.3,2025-09-28 18:09:10.244878
Región V,2023,Febrero,53.0454,3.0022,18.6418,19,183,5,63901743.8,2025-09-28 18:09:10.244878
Región V,2024,Febrero,52.2106,3.2214,17.0996,16,227,8,64539515.0,2025-09-28 18:09:10.244878
Región V,2025,Febrero,79.0686,4.0771,20.4612,22,178,7,70055712.8,2025-09-28 18:09:10.244878
Región V,2018,Marzo,78.9646,4.459,18.6839,-,78,1,63383683.1,2025-09-28 18:09:10.244878
Región V,2019,Marzo,69.5079,3.8128,19.2339,-,127,4,52106596.5,2025-09-28 18:09:10.244878
Región V,2020,Marzo,64.5117,3.0982,21.969,-,148,34,55114895.6,2025-09-28 18:09:10.244878
Región V,2021,Marzo,76.143,3.8642,20.7895,-,141,11,58324192.7,2025-09-28 18:09:10.244878
Región V,2022,Marzo,95.9383,4.9122,20.6061,16,134,6,59655317.8,2025-09-28 18:09:10.244878
Región V,2023,Marzo,50.5088,2.8957,18.403,17,176,4,68018131.2,2025-09-28 18:09:10.244878
Región V,2024,Marzo,36.067,2.2591,16.8445,19,164,9,70589088.26,2025-09-28 18:09:10.244878
Región V,2025,Marzo,67.6987,3.5274,20.2488,21,216,6,111408777.3,2025-09-28 18:09:10.244878
Región V,2018,Abril,80.2355,4.6142,18.3464,-,81,4,60733506.1,2025-09-28 18:09:10.244878
Región V,2019,Abril,66.8397,3.7071,19.0231,-,99,4,43715038.2,2025-09-28 18:09:10.244878
Región V,2020,Abril,65.2212,2.8367,24.2579,-,134,20,46883059.4,2025-09-28 18:09:10.244878
Región V,2021,Abril,71.7677,3.7759,20.0534,-,128,17,53228048.9,2025-09-28 18:09:10.244878
Región V,2022,Abril,115.0243,6.0535,20.0475,19,176,5,63309099.2,2025-09-28 18:09:10.244878
Región V,2023,Abril,45.2071,2.6367,18.0891,16,189,6,78206268.6,2025-09-28 18:09:10.244878
Región V,2024,Abril,35.2571,2.2183,16.7691,19,161,5,69489283.5,2025-09-28 18:09:10.244878
Región V,2025,Abril,76.5122,4.0085,20.1385,19,152,7,66835855.9,2025-09-28 18:09:10.244878
Región V,2018,Mayo,82.5458,4.4686,19.4894,-,74,3,64955228.6,2025-09-28 18:09:10.244878
Región V,2019,Mayo,66.3844,3.6692,19.0883,-,113,3,43902960.7,2025-09-28 18:09:10.244878
Región V,2020,Mayo,67.5262,3.0188,23.6004,-,117,13,34981946.3,2025-09-28 18:09:10.244878
Región V,2021,Mayo,78.7905,4.16,19.9829,-,168,22,63120412.4,2025-09-28 18:09:10.244878
Región V,2022,Mayo,144.4546,7.5787,20.1101,17,160,10,66106309.0,2025-09-28 18:09:10.244878
Región V,2023,Mayo,57.1298,3.3924,17.768,18,190,7,32023644.5,2025-09-28 18:09:10.244878
Región V,2024,Mayo,40.9366,2.5707,16.8011,21,176,6,77178496.7,2025-09-28 18:09:10.244878
Región V,2025,Mayo,65.77,3.5661,19.4585,20,153,6,70154897.9,2025-09-28 18:09:10.244878
Región V,2018,Junio,83.2018,4.322,20.3105,-,77,3,67328973.1,2025-09-28 18:09:10.244878
Región V,2019,Junio,63.6691,3.4821,19.2912,-,91,3,36373003.6,2025-09-28 18:09:10.244878
Región V,2020,Junio,67.1933,3.1912,22.2153,-,122,16,44665410.9,2025-09-28 18:09:10.244878
Región V,2021,Junio,72.1971,3.8017,20.0366,-,141,4,60472209.6,2025-09-28 18:09:10.244878
Región V,2022,Junio,147.61,7.8,19.9743,17,164,5,63147225.0,2025-09-28 18:09:10.244878
Región V,2023,Junio,60.4252,3.6866,17.293,16,132,4,24327114.62,2025-09-28 18:09:10.244878
Región V,2024,Junio,56.2138,3.2797,18.0839,19,167,7,67656389.8,2025-09-28 18:09:10.244878
Región V,2025,Junio,68.6811,3.798,19.0791,23,170,9,76463943.1,2025-09-28 18:09:10.244878
Región V,2018,Julio,80.231,4.4279,19.1171,-,91,4,82973147.0,2025-09-28 18:09:10.244878
Región V,2019,Julio,56.2118,3.1105,19.0669,-,153,2,59701527.0,2025-09-28 18:09:10.244878
Región V,2020,Julio,60.8064,2.8534,22.4836,-,133,17,47701224.6,2025-09-28 18:09:10.244878
Región V,2021,Julio,79.4068,4.1949,19.9715,-,146,5,43386844.9,2025-09-28 18:09:10.244878
Región V,2022,Julio,129.1235,6.6373,20.5254,14,141,4,63173419.8,2025-09-28 18:09:10.244878
Región V,2023,Julio,66.5959,4.1466,16.9447,18,123,4,24807597.3,2025-09-28 18:09:10.244878
Región V,2024,Julio,54.8356,3.2002,18.0786,22,176,7,74772238.8,2025-09-28 18:09:10.244878
Región V,2025,Julio,67.3404,3.8004,18.6948,20,165,7,69789230.3,2025-09-28 18:09:10.244878
Región V,2018,Agosto,73.5293,4.1245,18.8089,-,89,4,74756985.3,2025-09-28 18:09:10.244878
Región V,2019,Agosto,68.2554,3.6761,19.5896,-,140,28,58413850.5,2025-09-28 18:09:10.244878
Región V,2020,Agosto,69.0079,3.2742,22.237,-,133,19,50803159.9,2025-09-28 18:09:10.244878
Región V,2021,Agosto,74.8958,3.9406,4.0741,-,157,3,64809631.9,2025-09-28 18:09:10.244878
Región V,2022,Agosto,157.0294,8.2254,20.142,16,167,5,62603627.6,2025-09-28 18:09:10.244878
Región V,2023,Agosto,53.5197,3.3282,16.966,17,146,6,68984127.5,2025-09-28 18:09:10.244878
Región V,2024,Agosto,44.6627,2.4727,19.0568,19,143,6,73335766.5,2025-09-28 18:09:10.244878
Región V,2025,Agosto,61.1371,3.4456,18.7204,22,178,8,74996352.5,2025-09-28 18:09:10.244878
Región V,2018,Septiembre,74.4972,4.1251,19.0539,-,92,5,69118715.8,2025-09-28 18:09:10.244878
Región V,2019,Septiembre,67.0097,3.6027,19.6242,-,134,15,63246878.9,2025-09-28 18:09:10.244878
Región V,2020,Septiembre,74.7075,3.6415,21.645,-,134,13,50923858.1,2025-09-28 18:09:10.244878
Región V,2021,Septiembre,77.3338,4.078,20.0078,-,163,4,64563878.8,2025-09-28 18:09:10.244878
Región V,2022,Septiembre,147.6078,7.7584,20.073,17,209,6,65531708.5,2025-09-28 18:09:10.244878
Región V,2023,Septiembre,53.7207,3.2871,17.2426,179,6,19,74878632.6,2025-09-28 18:09:10.244878
Región V,2024,Septiembre,49.695,2.6697,19.6395,23,188,7,73399887.8,2025-09-28 18:09:10.244878
Región V,2018,Octubre,77.4502,4.2864,19.0638,-,112,5,55430446.9,2025-09-28 18:09:10.244878
Región V,2019,Octubre,63.2833,3.4469,19.3701,-,126,13,59275500.5,2025-09-28 18:09:10.244878
Región V,2020,Octubre,70.943,3.5049,21.3558,-,117,16,51668997.2,2025-09-28 18:09:10.244878
Región V,2021,Octubre,93.2979,4.8082,20.4723,-,146,4,67790180.7,2025-09-28 18:09:10.244878
Región V,2022,Octubre,104.9022,5.5299,20.0146,19,196,10,66927806.4,2025-09-28 18:09:10.244878
Región V,2023,Octubre,59.3743,3.4737,18.0338,21,200,6,72184018.5,2025-09-28 18:09:10.244878
Región V,2024,Octubre,56.0073,3.0047,19.6659,20,163,6,68264710.9,2025-09-28 18:09:10.244878
Región V,2018,Noviembre,86.0028,4.4809,20.25,-,117,6,59109900.2,2025-09-28 18:09:10.244878
Región V,2019,Noviembre,67.4277,3.6873,19.2931,-,112,12,55774728.0,2025-09-28 18:09:10.244878
Región V,2020,Noviembre,76.6593,3.9437,20.5088,-,145,17,51483736.4,2025-09-28 18:09:10.244878
Región V,2021,Noviembre,118.5505,6.0179,20.7843,-,137,5,58063522.1,2025-09-28 18:09:10.244878
Región V,2022,Noviembre,90.1471,4.8782,19.497,19,175,6,65080993.4,2025-09-28 18:09:10.244878
Región V,2023,Noviembre,56.4322,3.4113,17.4537,19,216,8,65930821.3,2025-09-28 18:09:10.244878
Región V,2024,Noviembre,56.6643,2.9424,20.3185,25,278,12,79894927.8,2025-09-28 18:09:10.244878
Región V,2018,Diciembre,100.48,5.254,20.1775,0,120,4,49373058.0,2025-09-28 18:09:10.244878
Región V,2019,Diciembre,65.8826,3.6245,19.1776,-,111,13,47287143.1,2025-09-28 18:09:10.244878
Región V,2020,Diciembre,75.4325,3.9829,19.9821,-,147,19,52165692.8,2025-09-28 18:09:10.244878
Región V,2021,Diciembre,99.6188,5.008,20.9873,16,131,4,52098223.6,2025-09-28 18:09:10.244878
Región V,2022,Diciembre,102.9023,5.5441,19.5825,17,182,6,61380482.9,2025-09-28 18:09:10.244878
Región V,2023,Diciembre,55.8569,3.4213,17.2253,23,243,9,71072872.2,2025-09-28 18:09:10.244878
Región V,2024,Diciembre,74.0974,3.8629,20.2382,19,167,7,66864224.6,2025-09-28 18:09:10.244878
Región VI,2019,Enero,104.2683,5.7251,19.2154,0,29,2,18529895.7,2025-09-28 18:09:10.244878
Región VI,2020,Enero,43.935,2.4649,18.806,-,25,3,19915615.1,2025-09-28 18:09:10.244878
Región VI,2021,Enero,67.2375,3.5668,19.8889,-,26,5,17920835.5,2025-09-28 18:09:10.244878
Región VI,2022,Enero,88.4666,4.559,20.4734,10,26,1,17296299.8,2025-09-28 18:09:10.244878
Región VI,2023,Enero,63.6039,3.5238,19.0436,10,40,2,19754073.1,2025-09-28 18:09:10.244878
Región VI,2024,Enero,59.5962,3.6851,17.0626,8,38,1,20419313.9,2025-09-28 18:09:10.244878
Región VI,2025,Enero,93.4126,4.7936,20.5599,11,41,2,36876013.3,2025-09-28 18:09:10.244878
Región VI,2018,Febrero,86.2641,4.8858,18.6282,-,14,1,10586832.8,2025-09-28 18:09:10.244878
Región VI,2019,Febrero,66.1916,3.6392,19.1902,-,32,1,21092752.8,2025-09-28 18:09:10.244878
Región VI,2020,Febrero,42.0326,2.3631,18.7664,-,26,3,19989993.5,2025-09-28 18:09:10.244878
Región VI,2021,Febrero,485.5158,25.3068,20.2415,-,27,4,15978280.7,2025-09-28 18:09:10.244878
Región VI,2022,Febrero,104.558,5.3859,20.4823,10,26,0,16709511.9,2025-09-28 18:09:10.244878
Región VI,2023,Febrero,48.4094,2.7398,18.6418,8,38,1,18742825.7,2025-09-28 18:09:10.244878
Región VI,2024,Febrero,38.772,2.3923,17.0996,8,39,1,20510766.0,2025-09-28 18:09:10.244878
Región VI,2025,Febrero,73.75,3.8028,20.4612,11,44,3,33987705.2,2025-09-28 18:09:10.244878
Región VI,2018,Marzo,74.5146,4.2078,18.6839,-,18,1,11638041.4,2025-09-28 18:09:10.244878
Región VI,2019,Marzo,55.3739,3.0375,19.2339,-,33,1,28750600.2,2025-09-28 18:09:10.244878
Región VI,2020,Marzo,42.296,2.0313,21.969,-,24,4,21437731.1,2025-09-28 18:09:10.244878
Región VI,2021,Marzo,70.3278,3.5691,20.7895,-,41,7,23635681.5,2025-09-28 18:09:10.244878
Región VI,2022,Marzo,98.7866,5.058,20.6061,11,27,1,18771641.0,2025-09-28 18:09:10.244878
Región VI,2023,Marzo,45.9508,2.6344,18.403,8,38,1,23436099.8,2025-09-28 18:09:10.244878
Región VI,2024,Marzo,30.4071,1.9046,16.8445,10,40,2,21543839.24,2025-09-28 18:09:10.244878
Región VI,2025,Marzo,86.1773,4.4903,20.2488,9,55,3,56130256.1,2025-09-28 18:09:10.244878
Región VI,2018,Abril,76.8874,4.4216,18.3464,-,18,2,11782069.8,2025-09-28 18:09:10.244878
Región VI,2019,Abril,58.8565,3.2643,19.0231,-,26,1,21858085.5,2025-09-28 18:09:10.244878
Región VI,2020,Abril,44.1346,1.9196,24.2579,-,25,4,20488905.8,2025-09-28 18:09:10.244878
Región VI,2021,Abril,61.7192,3.2472,20.0534,-,30,3,22347150.0,2025-09-28 18:09:10.244878
Región VI,2022,Abril,119.5139,6.2898,20.0475,14,41,2,22314910.2,2025-09-28 18:09:10.244878
Región VI,2023,Abril,41.8963,2.4436,18.0891,6,36,1,19269524.7,2025-09-28 18:09:10.244878
Región VI,2024,Abril,30.6875,1.9308,16.7691,10,40,1,21384424.7,2025-09-28 18:09:10.244878
Región VI,2025,Abril,78.7333,4.1249,20.1385,8,38,2,33242173.1,2025-09-28 18:09:10.244878
Región VI,2018,Mayo,79.3308,4.2946,19.4894,-,19,1,12780379.4,2025-09-28 18:09:10.244878
Región VI,2019,Mayo,53.052,2.9323,19.0883,-,31,2,13730636.5,2025-09-28 18:09:10.244878
Región VI,2020,Mayo,54.9354,2.4559,23.6004,-,24,5,15036677.4,2025-09-28 18:09:10.244878
Región VI,2021,Mayo,70.8508,3.7408,19.9829,-,42,8,24885235.5,2025-09-28 18:09:10.244878
Región VI,2022,Mayo,157.7283,8.2751,20.1101,12,43,4,23333399.7,2025-09-28 18:09:10.244878
Región VI,2023,Mayo,59.8624,3.5546,17.768,9,30,1,9873126.0,2025-09-28 18:09:10.244878
Región VI,2024,Mayo,38.1045,2.3928,16.8011,10,39,1,23935962.5,2025-09-28 18:09:10.244878
Región VI,2025,Mayo,70.4457,3.8196,19.4585,8,38,2,34861539.4,2025-09-28 18:09:10.244878
Región VI,2018,Junio,84.7908,4.4046,20.3105,-,17,1,12221484.2,2025-09-28 18:09:10.244878
Región VI,2019,Junio,55.3358,3.0264,19.2912,-,23,2,17626664.8,2025-09-28 18:09:10.244878
Región VI,2020,Junio,43.5703,2.0693,22.2153,-,25,4,21534470.9,2025-09-28 18:09:10.244878
Región VI,2021,Junio,69.3583,3.6522,20.0366,-,31,2,23027526.7,2025-09-28 18:09:10.244878
Región VI,2022,Junio,151.58,8.01,19.9743,11,41,1,21407231.0,2025-09-28 18:09:10.244878
Región VI,2023,Junio,69.2797,4.2268,17.293,8,18,1,9109272.17,2025-09-28 18:09:10.244878
Región VI,2024,Junio,50.7442,2.9605,18.0839,10,38,2,22902285.9,2025-09-28 18:09:10.244878
Región VI,2025,Junio,70.3175,3.8885,19.0791,10,40,2,37795614.2,2025-09-28 18:09:10.244878
Región VI,2018,Julio,67.4421,3.7221,19.1171,-,25,2,38067577.3,2025-09-28 18:09:10.244878
Región VI,2019,Julio,44.0756,2.4389,19.0669,-,29,2,19492483.5,2025-09-28 18:09:10.244878
Región VI,2020,Julio,46.0585,2.1613,22.4836,-,26,2,20391836.9,2025-09-28 18:09:10.244878
Región VI,2021,Julio,80.2118,4.2375,19.9715,-,41,4,20212698.6,2025-09-28 18:09:10.244878
Región VI,2022,Julio,136.0454,6.9931,20.5254,9,41,2,23367319.2,2025-09-28 18:09:10.244878
Región VI,2023,Julio,78.7322,4.9023,16.9447,9,19,1,8946197.7,2025-09-28 18:09:10.244878
Región VI,2024,Julio,45.8474,2.6756,18.0786,12,44,2,22994006.7,2025-09-28 18:09:10.244878
Región VI,2025,Julio,70.5246,3.9801,18.6948,9,40,1,35580678.3,2025-09-28 18:09:10.244878
Región VI,2018,Agosto,65.4476,3.6712,18.8089,-,27,2,55940083.7,2025-09-28 18:09:10.244878
Región VI,2019,Agosto,58.3306,3.1416,19.5896,-,23,3,18761975.5,2025-09-28 18:09:10.244878
Región VI,2020,Agosto,60.245,2.8584,22.237,-,25,5,20704403.6,2025-09-28 18:09:10.244878
Región VI,2021,Agosto,82.1802,4.3238,4.0741,-,29,1,20461254.9,2025-09-28 18:09:10.244878
Región VI,2022,Agosto,165.6277,8.6758,20.142,10,41,2,22722857.8,2025-09-28 18:09:10.244878
Región VI,2023,Agosto,49.3698,3.0701,16.966,8,29,1,23324114.4,2025-09-28 18:09:10.244878
Región VI,2024,Agosto,43.0712,2.3846,19.0568,10,41,1,33269765.4,2025-09-28 18:09:10.244878
Región VI,2025,Agosto,66.2489,3.7337,18.7204,10,40,2,35756769.5,2025-09-28 18:09:10.244878
Región VI,2018,Septiembre,73.1771,4.052,19.0539,-,28,3,45247590.2,2025-09-28 18:09:10.244878
Región VI,2019,Septiembre,68.1066,3.6616,19.6242,-,30,6,18755960.4,2025-09-28 18:09:10.244878
Región VI,2020,Septiembre,50.7854,2.4755,21.645,-,26,3,20207856.6,2025-09-28 18:09:10.244878
Región VI,2021,Septiembre,102.1139,5.3847,20.0078,-,30,1,108257629.3,2025-09-28 18:09:10.244878
Región VI,2022,Septiembre,147.5349,7.7546,20.073,9,39,1,21170983.0,2025-09-28 18:09:10.244878
Región VI,2023,Septiembre,49.8096,3.0478,17.2426,41,2,10,22955243.7,2025-09-28 18:09:10.244878
Región VI,2024,Septiembre,50.2221,2.698,19.6395,10,43,2,35280791.0,2025-09-28 18:09:10.244878
Región VI,2018,Octubre,89.02,4.9267,19.0638,-,32,1,31690668.0,2025-09-28 18:09:10.244878
Región VI,2019,Octubre,53.8886,2.9352,19.3701,-,30,6,20650504.5,2025-09-28 18:09:10.244878
Región VI,2020,Octubre,59.3008,2.9297,21.3558,-,28,4,22889333.2,2025-09-28 18:09:10.244878
Región VI,2021,Octubre,117.3307,6.0468,20.4723,-,27,1,108266940.8,2025-09-28 18:09:10.244878
Región VI,2022,Octubre,104.3935,5.5031,20.0146,9,40,1,21668647.1,2025-09-28 18:09:10.244878
Región VI,2023,Octubre,52.5494,3.0744,18.0338,11,45,3,24111462.3,2025-09-28 18:09:10.244878
Región VI,2024,Octubre,56.8655,3.0508,19.6659,9,40,2,36889553.1,2025-09-28 18:09:10.244878
Región VI,2018,Noviembre,79.254,4.1293,20.25,-,32,3,22864204.0,2025-09-28 18:09:10.244878
Región VI,2019,Noviembre,65.45,3.5792,19.2931,-,23,5,13150624.8,2025-09-28 18:09:10.244878
Región VI,2020,Noviembre,64.2903,3.3074,20.5088,-,26,4,22674313.5,2025-09-28 18:09:10.244878
Región VI,2021,Noviembre,120.1752,6.1004,20.7843,-,37,2,114772714.7,2025-09-28 18:09:10.244878
Región VI,2022,Noviembre,86.0347,4.6557,19.497,9,41,2,21037997.8,2025-09-28 18:09:10.244878
Región VI,2023,Noviembre,48.3143,2.9206,17.4537,9,40,1,20941473.3,2025-09-28 18:09:10.244878
Región VI,2024,Noviembre,57.2481,2.9727,20.3185,12,73,2,57021251.4,2025-09-28 18:09:10.244878
Región VI,2018,Diciembre,114.9912,6.0128,20.1775,0,35,2,24145933.3,2025-09-28 18:09:10.244878
Región VI,2019,Diciembre,61.3014,3.3725,19.1776,-,23,5,17587227.1,2025-09-28 18:09:10.244878
Región VI,2020,Diciembre,60.369,3.1875,19.9821,-,33,4,21435884.0,2025-09-28 18:09:10.244878
Región VI,2021,Diciembre,86.4568,4.3463,20.9873,10,25,1,19986751.4,2025-09-28 18:09:10.244878
Región VI,2022,Diciembre,98.8216,5.3243,19.5825,9,40,2,19476260.5,2025-09-28 18:09:10.244878
Región VI,2023,Diciembre,49.7701,3.0485,17.2253,11,41,2,19345805.3,2025-09-28 18:09:10.244878
Región VI,2024,Diciembre,74.1837,3.8674,20.2382,10,41,2,32230031.2,2025-09-28 18:09:10.244878
